DROP DATABASE IF EXISTS instituto;

CREATE DATABASE instituto;
USE instituto;

CREATE TABLE IF NOT EXISTS cursos (
    id INT AUTO_INCREMENT PRIMARY KEY,
    nombre VARCHAR(50) NOT NULL,
    duracion INT NOT NULL,
    fecha_inicio DATE NOT NULL,
    fecha_fin DATE NOT NULL
);

CREATE TABLE IF NOT EXISTS alumnos (
    id INT AUTO_INCREMENT PRIMARY KEY,
    nombre VARCHAR(50) NOT NULL,
    apellidos VARCHAR(50) NOT NULL,
    fecha_nacimiento DATE NOT NULL,
    dni VARCHAR(9) NOT NULL UNIQUE,
    direccion VARCHAR(100) NOT NULL,
    telefono VARCHAR(15) NOT NULL,
    id_curso INT NOT NULL,
    FOREIGN KEY (id_curso) REFERENCES cursos(id)
);

CREATE TABLE IF NOT EXISTS profesores (
    id INT AUTO_INCREMENT PRIMARY KEY,
    nombre VARCHAR(50) NOT NULL,
    apellidos VARCHAR(50) NOT NULL,
    dni VARCHAR(9) NOT NULL UNIQUE,
    direccion VARCHAR(100) NOT NULL,
    telefono VARCHAR(15) NOT NULL
);

CREATE TABLE IF NOT EXISTS asignaturas (
    id INT AUTO_INCREMENT PRIMARY KEY,
    nombre VARCHAR(50) NOT NULL,
    creditos INT NOT NULL,
    id_curso INT NOT NULL,
    id_profesor INT NOT NULL,
    FOREIGN KEY (id_curso) REFERENCES cursos(id),
    FOREIGN KEY (id_profesor) REFERENCES profesores(id)
);

CREATE TABLE IF NOT EXISTS matriculas (
    id INT AUTO_INCREMENT PRIMARY KEY,
    id_alumno INT NOT NULL,
    id_asignatura INT NOT NULL,
    fecha_matricula DATE NOT NULL,
    nota INT,
    FOREIGN KEY (id_alumno) REFERENCES alumnos(id),
    FOREIGN KEY (id_asignatura) REFERENCES asignaturas(id)
);

INSERT INTO cursos (id, nombre, duracion, fecha_inicio, fecha_fin) VALUES (1, '1º ESO', 1, '2024-09-10', '2025-06-20');
INSERT INTO cursos (id, nombre, duracion, fecha_inicio, fecha_fin) VALUES (2, '2º ESO', 1, '2024-09-10', '2025-06-20');
INSERT INTO cursos (id, nombre, duracion, fecha_inicio, fecha_fin) VALUES (3, '3º ESO', 1, '2024-09-10', '2025-06-20');
INSERT INTO cursos (id, nombre, duracion, fecha_inicio, fecha_fin) VALUES (4, '4º ESO', 1, '2024-09-10', '2025-06-20');
INSERT INTO alumnos (id, nombre, apellidos, fecha_nacimiento, dni, direccion, telefono, id_curso) VALUES (1, 'Rafaela', 'Plaza', '2012-10-16', '56448162C', 'Cañada de Albina Palma 338 Piso 2 , Salamanca, 89241', '578156593', 1);
INSERT INTO alumnos (id, nombre, apellidos, fecha_nacimiento, dni, direccion, telefono, id_curso) VALUES (2, 'Juan Bautista', 'Barrios', '2013-03-12', '73645173A', 'Cuesta Pastora Mínguez 25 Apt. 93 , Zaragoza, 87115', '148418583', 1);
INSERT INTO alumnos (id, nombre, apellidos, fecha_nacimiento, dni, direccion, telefono, id_curso) VALUES (3, 'Victor', 'Bravo', '2011-06-02', '51660557U', 'Glorieta Paca Estévez 5 Piso 1 , Soria, 20186', '833969477', 1);
INSERT INTO alumnos (id, nombre, apellidos, fecha_nacimiento, dni, direccion, telefono, id_curso) VALUES (4, 'David', 'Torrecilla', '2011-05-04', '84576944V', 'Callejón Demetrio Giménez 62, Almería, 23098', '013991615', 1);
INSERT INTO alumnos (id, nombre, apellidos, fecha_nacimiento, dni, direccion, telefono, id_curso) VALUES (5, 'Guiomar', 'Esteban', '2012-06-15', '16628927E', 'Paseo Teodoro Cadenas 41, Segovia, 56208', '091634579', 1);
INSERT INTO alumnos (id, nombre, apellidos, fecha_nacimiento, dni, direccion, telefono, id_curso) VALUES (6, 'Ramona', 'Cáceres', '2009-04-04', '71064827Q', 'Plaza Adriana Redondo 684 Piso 4 , Navarra, 71508', '237594599', 1);
INSERT INTO alumnos (id, nombre, apellidos, fecha_nacimiento, dni, direccion, telefono, id_curso) VALUES (7, 'Patricia', 'Berrocal', '2006-05-11', '79802764M', 'Urbanización Febe Samper 79, La Coruña, 02714', '787890075', 1);
INSERT INTO alumnos (id, nombre, apellidos, fecha_nacimiento, dni, direccion, telefono, id_curso) VALUES (8, 'Godofredo', 'Blanco', '2012-07-08', '17518332A', 'Plaza de Ignacio Alcaraz 9 Puerta 1 , Baleares, 44217', '104714285', 1);
INSERT INTO alumnos (id, nombre, apellidos, fecha_nacimiento, dni, direccion, telefono, id_curso) VALUES (9, 'Aristides', 'Armas', '2008-02-05', '91401839Q', 'Cuesta Leticia Segarra 95 Apt. 36 , Álava, 24555', '590042294', 1);
INSERT INTO alumnos (id, nombre, apellidos, fecha_nacimiento, dni, direccion, telefono, id_curso) VALUES (10, 'Lázaro', 'Cardona', '2010-05-31', '98048967P', 'Pasadizo Luisina Belda 66 Piso 6 , Badajoz, 75517', '760452296', 1);
INSERT INTO alumnos (id, nombre, apellidos, fecha_nacimiento, dni, direccion, telefono, id_curso) VALUES (11, 'Maribel', 'Giner', '2006-11-13', '51648579A', 'Pasaje de Zoraida Torres 236 Piso 3 , Palencia, 63511', '873176430', 1);
INSERT INTO alumnos (id, nombre, apellidos, fecha_nacimiento, dni, direccion, telefono, id_curso) VALUES (12, 'Hector', 'Sedano', '2009-07-24', '48538780I', 'Vial de Cintia Ramis 88, Madrid, 38930', '550824926', 1);
INSERT INTO alumnos (id, nombre, apellidos, fecha_nacimiento, dni, direccion, telefono, id_curso) VALUES (13, 'Nereida', 'Blazquez', '2010-09-27', '5290303E', 'Cañada Albino Sanabria 32, Huesca, 88091', '634896769', 1);
INSERT INTO alumnos (id, nombre, apellidos, fecha_nacimiento, dni, direccion, telefono, id_curso) VALUES (14, 'Manu', 'Espada', '2008-12-01', '68029300K', 'Cuesta Rosalina Juárez 76 Piso 0 , Segovia, 34500', '627912560', 1);
INSERT INTO alumnos (id, nombre, apellidos, fecha_nacimiento, dni, direccion, telefono, id_curso) VALUES (15, 'Asdrubal', 'Cadenas', '2010-05-09', '20316236B', 'Via de Juana Olivares 86, Almería, 95194', '641830675', 1);
INSERT INTO alumnos (id, nombre, apellidos, fecha_nacimiento, dni, direccion, telefono, id_curso) VALUES (16, 'Arsenio', 'Ariño', '2010-06-25', '34277372B', 'Pasadizo Jovita Zabaleta 58, Burgos, 96116', '162076607', 1);
INSERT INTO alumnos (id, nombre, apellidos, fecha_nacimiento, dni, direccion, telefono, id_curso) VALUES (17, 'Calisto', 'Carrión', '2009-05-27', '92848489B', 'Plaza Paulina Gual 31 Apt. 03 , Valencia, 45093', '271754203', 1);
INSERT INTO alumnos (id, nombre, apellidos, fecha_nacimiento, dni, direccion, telefono, id_curso) VALUES (18, 'Manu', 'Morillo', '2007-11-29', '79593715F', 'C. Tomasa Collado 63 Puerta 3 , Valladolid, 45602', '611264862', 1);
INSERT INTO alumnos (id, nombre, apellidos, fecha_nacimiento, dni, direccion, telefono, id_curso) VALUES (19, 'Cesar', 'Hurtado', '2010-02-16', '84930159X', 'Plaza de Silvestre Montes 63 Piso 7 , Cádiz, 41892', '626623758', 1);
INSERT INTO alumnos (id, nombre, apellidos, fecha_nacimiento, dni, direccion, telefono, id_curso) VALUES (20, 'Almudena', 'Frías', '2008-11-07', '247384S', 'Glorieta Marc Carbó 38 Piso 7 , Soria, 38640', '400468967', 1);
INSERT INTO alumnos (id, nombre, apellidos, fecha_nacimiento, dni, direccion, telefono, id_curso) VALUES (21, 'Salomé', 'Ferrández', '2011-05-30', '11443301C', 'Paseo de Noé Carrasco 232 Piso 4 , Melilla, 98381', '864475922', 1);
INSERT INTO alumnos (id, nombre, apellidos, fecha_nacimiento, dni, direccion, telefono, id_curso) VALUES (22, 'Domitila', 'Solé', '2007-07-14', '75110005Q', 'Ronda de Isaías Tapia 68 Piso 0 , Granada, 70930', '760811605', 1);
INSERT INTO alumnos (id, nombre, apellidos, fecha_nacimiento, dni, direccion, telefono, id_curso) VALUES (23, 'Julián', 'Marco', '2012-07-13', '30425417J', 'Ronda Édgar Murillo 62, Segovia, 27285', '327566763', 1);
INSERT INTO alumnos (id, nombre, apellidos, fecha_nacimiento, dni, direccion, telefono, id_curso) VALUES (24, 'Leocadia', 'Ayala', '2009-08-25', '4466664O', 'Calle de Manuelita Durán 59, Teruel, 56708', '977473540', 1);
INSERT INTO alumnos (id, nombre, apellidos, fecha_nacimiento, dni, direccion, telefono, id_curso) VALUES (25, 'Abraham', 'Manjón', '2011-11-30', '956980I', 'C. Celestina Giner 63 Puerta 1 , Zamora, 58754', '803513853', 1);
INSERT INTO alumnos (id, nombre, apellidos, fecha_nacimiento, dni, direccion, telefono, id_curso) VALUES (26, 'Asunción', 'Planas', '2008-07-06', '64704308W', 'Paseo de Camilo Agullo 87, Zaragoza, 77711', '312637916', 1);
INSERT INTO alumnos (id, nombre, apellidos, fecha_nacimiento, dni, direccion, telefono, id_curso) VALUES (27, 'Josep', 'Trillo', '2008-03-20', '17191341R', 'Via de Cecilia Machado 583 Piso 8 , Murcia, 43019', '263340886', 1);
INSERT INTO alumnos (id, nombre, apellidos, fecha_nacimiento, dni, direccion, telefono, id_curso) VALUES (28, 'Diego', 'Palomar', '2008-04-19', '90581142T', 'Avenida Aura Meléndez 63, Girona, 20885', '902622812', 1);
INSERT INTO alumnos (id, nombre, apellidos, fecha_nacimiento, dni, direccion, telefono, id_curso) VALUES (29, 'Joel', 'Catalán', '2013-04-15', '31365283W', 'Cuesta Valentina Campoy 608 Piso 7 , Álava, 82778', '142963546', 1);
INSERT INTO alumnos (id, nombre, apellidos, fecha_nacimiento, dni, direccion, telefono, id_curso) VALUES (30, 'Lucila', 'Iborra', '2009-04-07', '59216203Q', 'Rambla de Marcos Alegria 99 Apt. 25 , Madrid, 03003', '105623762', 1);
INSERT INTO alumnos (id, nombre, apellidos, fecha_nacimiento, dni, direccion, telefono, id_curso) VALUES (31, 'Luisa', 'Real', '2009-08-07', '1292951A', 'Camino África Casado 36 Apt. 82 , Ávila, 32302', '169197299', 2);
INSERT INTO alumnos (id, nombre, apellidos, fecha_nacimiento, dni, direccion, telefono, id_curso) VALUES (32, 'Amando', 'Arce', '2010-07-27', '12028501W', 'Urbanización de Anunciación Pagès 66, Zaragoza, 60484', '089840761', 2);
INSERT INTO alumnos (id, nombre, apellidos, fecha_nacimiento, dni, direccion, telefono, id_curso) VALUES (33, 'Alfonso', 'Llano', '2012-08-21', '4600117Q', 'C. de Perlita Iglesia 61, Palencia, 22509', '925544576', 2);
INSERT INTO alumnos (id, nombre, apellidos, fecha_nacimiento, dni, direccion, telefono, id_curso) VALUES (34, 'Modesta', 'Chico', '2011-03-08', '5852078C', 'Cuesta Virginia Jiménez 931 Piso 4 , Melilla, 12918', '644406448', 2);
INSERT INTO alumnos (id, nombre, apellidos, fecha_nacimiento, dni, direccion, telefono, id_curso) VALUES (35, 'Goyo', 'Rosales', '2013-01-29', '19019623A', 'Pasaje de Angelino Requena 630 Puerta 2 , Santa Cruz de Tenerife, 70393', '261973781', 2);
INSERT INTO alumnos (id, nombre, apellidos, fecha_nacimiento, dni, direccion, telefono, id_curso) VALUES (36, 'Íngrid', 'Roldan', '2011-09-30', '52981408R', 'Alameda de Cipriano Melero 8 Apt. 43 , Jaén, 60975', '945067820', 2);
INSERT INTO alumnos (id, nombre, apellidos, fecha_nacimiento, dni, direccion, telefono, id_curso) VALUES (37, 'Adalberto', 'Baños', '2007-12-20', '96272727H', 'Plaza de Maxi Pozo 74, Pontevedra, 64802', '270808625', 2);
INSERT INTO alumnos (id, nombre, apellidos, fecha_nacimiento, dni, direccion, telefono, id_curso) VALUES (38, 'Félix', 'Lara', '2008-01-23', '35026062U', 'Vial de Maristela Sanchez 320 Puerta 8 , Valladolid, 13793', '825278081', 2);
INSERT INTO alumnos (id, nombre, apellidos, fecha_nacimiento, dni, direccion, telefono, id_curso) VALUES (39, 'Cristóbal', 'Roma', '2011-07-07', '47287605K', 'Pasadizo de Porfirio Carrera 15 Apt. 20 , Pontevedra, 06046', '925160759', 2);
INSERT INTO alumnos (id, nombre, apellidos, fecha_nacimiento, dni, direccion, telefono, id_curso) VALUES (40, 'Reina', 'Santiago', '2009-11-07', '24248617B', 'C. Bernardo Pallarès 2 Apt. 50 , La Coruña, 57877', '086408115', 2);
INSERT INTO alumnos (id, nombre, apellidos, fecha_nacimiento, dni, direccion, telefono, id_curso) VALUES (41, 'Fabio', 'Villalonga', '2011-09-01', '38531397C', 'Rambla de Carlota Collado 32 Puerta 3 , Albacete, 60334', '235326759', 2);
INSERT INTO alumnos (id, nombre, apellidos, fecha_nacimiento, dni, direccion, telefono, id_curso) VALUES (42, 'Fermín', 'Adán', '2012-03-10', '52332518T', 'Plaza Palmira Morales 100, Ourense, 26066', '325838612', 2);
INSERT INTO alumnos (id, nombre, apellidos, fecha_nacimiento, dni, direccion, telefono, id_curso) VALUES (43, 'Tomás', 'Rubio', '2008-06-08', '63234531Y', 'Cuesta Régulo Bayón 94 Piso 8 , Pontevedra, 34095', '180260666', 2);
INSERT INTO alumnos (id, nombre, apellidos, fecha_nacimiento, dni, direccion, telefono, id_curso) VALUES (44, 'Felix', 'Doménech', '2009-03-29', '63667396A', 'Acceso Onofre Clavero 97 Apt. 34 , Toledo, 46048', '064635221', 2);
INSERT INTO alumnos (id, nombre, apellidos, fecha_nacimiento, dni, direccion, telefono, id_curso) VALUES (45, 'Tito', 'Puig', '2010-04-16', '10223209P', 'Rambla Ezequiel Galan 13 Puerta 2 , Huelva, 51642', '858268436', 2);
INSERT INTO alumnos (id, nombre, apellidos, fecha_nacimiento, dni, direccion, telefono, id_curso) VALUES (46, 'Mariano', 'Redondo', '2009-10-20', '13114786R', 'Camino Dulce Villar 4, Cuenca, 61001', '751759473', 2);
INSERT INTO alumnos (id, nombre, apellidos, fecha_nacimiento, dni, direccion, telefono, id_curso) VALUES (47, 'Mercedes', 'Verdejo', '2007-10-10', '3460336P', 'Pasaje Leandra Quirós 30 Piso 2 , Ourense, 61965', '870791487', 2);
INSERT INTO alumnos (id, nombre, apellidos, fecha_nacimiento, dni, direccion, telefono, id_curso) VALUES (48, 'Gerardo', 'Gras', '2010-12-12', '48898497K', 'Avenida de Bruno Tejera 79, Córdoba, 31425', '202983006', 2);
INSERT INTO alumnos (id, nombre, apellidos, fecha_nacimiento, dni, direccion, telefono, id_curso) VALUES (49, 'Ainara', 'Olivera', '2012-12-24', '46042779G', 'Cuesta Pili Merino 13, Huelva, 11496', '562343754', 2);
INSERT INTO alumnos (id, nombre, apellidos, fecha_nacimiento, dni, direccion, telefono, id_curso) VALUES (50, 'Salvador', 'Padilla', '2010-08-08', '63212344O', 'Callejón de Plinio Pérez 81 Piso 1 , Burgos, 32573', '667879936', 2);
INSERT INTO alumnos (id, nombre, apellidos, fecha_nacimiento, dni, direccion, telefono, id_curso) VALUES (51, 'Maxi', 'Villaverde', '2012-02-29', '220286F', 'Urbanización de Otilia Rosado 1 Piso 1 , Cantabria, 21250', '006802199', 2);
INSERT INTO alumnos (id, nombre, apellidos, fecha_nacimiento, dni, direccion, telefono, id_curso) VALUES (52, 'Regina', 'Abellán', '2010-10-09', '83402391A', 'Urbanización Íngrid Ribes 17, Castellón, 09409', '557298141', 2);
INSERT INTO alumnos (id, nombre, apellidos, fecha_nacimiento, dni, direccion, telefono, id_curso) VALUES (53, 'Estela', 'Cerdán', '2009-07-27', '27794987K', 'Pasadizo de Angelita Carreño 217, Lugo, 78526', '619853735', 2);
INSERT INTO alumnos (id, nombre, apellidos, fecha_nacimiento, dni, direccion, telefono, id_curso) VALUES (54, 'Loreto', 'Aguado', '2011-01-17', '54339417W', 'Urbanización de José Luis Tejada 42, Girona, 79281', '481025059', 2);
INSERT INTO alumnos (id, nombre, apellidos, fecha_nacimiento, dni, direccion, telefono, id_curso) VALUES (55, 'Sergio', 'Valderrama', '2007-12-24', '22482958Z', 'Alameda Gervasio Vives 799 Apt. 97 , Pontevedra, 03795', '000237931', 2);
INSERT INTO alumnos (id, nombre, apellidos, fecha_nacimiento, dni, direccion, telefono, id_curso) VALUES (56, 'Ana', 'Fernandez', '2007-09-26', '50014656J', 'Pasaje de Gracia Moll 31 Apt. 12 , Lleida, 50063', '699683028', 2);
INSERT INTO alumnos (id, nombre, apellidos, fecha_nacimiento, dni, direccion, telefono, id_curso) VALUES (57, 'Brígida', 'Batalla', '2007-01-05', '81181112U', 'Ronda Encarnita Palomino 11, Salamanca, 98527', '197436685', 2);
INSERT INTO alumnos (id, nombre, apellidos, fecha_nacimiento, dni, direccion, telefono, id_curso) VALUES (58, 'Arsenio', 'Cortina', '2009-01-11', '84147194L', 'Ronda de Miguel Pol 2, Pontevedra, 20163', '446154593', 2);
INSERT INTO alumnos (id, nombre, apellidos, fecha_nacimiento, dni, direccion, telefono, id_curso) VALUES (59, 'Aránzazu', 'Alcalá', '2007-09-20', '66498810B', 'Acceso Conrado Rios 5 Puerta 1 , Palencia, 70835', '832363975', 2);
INSERT INTO alumnos (id, nombre, apellidos, fecha_nacimiento, dni, direccion, telefono, id_curso) VALUES (60, 'Reyes', 'Font', '2008-03-08', '62509215U', 'Avenida Gertrudis Mosquera 15 Apt. 90 , Zaragoza, 24388', '716886119', 2);
INSERT INTO alumnos (id, nombre, apellidos, fecha_nacimiento, dni, direccion, telefono, id_curso) VALUES (61, 'Jose Angel', 'Rueda', '2012-01-28', '93782347S', 'Callejón Carmelo Millán 58, Zamora, 82490', '649345877', 2);
INSERT INTO alumnos (id, nombre, apellidos, fecha_nacimiento, dni, direccion, telefono, id_curso) VALUES (62, 'Azahar', 'Aznar', '2008-04-23', '94785546Z', 'Urbanización Ceferino Mendez 3 Apt. 70 , Melilla, 18374', '667028533', 2);
INSERT INTO alumnos (id, nombre, apellidos, fecha_nacimiento, dni, direccion, telefono, id_curso) VALUES (63, 'Gilberto', 'Ibáñez', '2010-12-22', '3657639L', 'Urbanización Marta Castells 923 Piso 0 , Zamora, 06268', '368871218', 2);
INSERT INTO alumnos (id, nombre, apellidos, fecha_nacimiento, dni, direccion, telefono, id_curso) VALUES (64, 'Marcia', 'Priego', '2010-03-06', '90476032R', 'Callejón de Lucila Benito 49 Puerta 3 , Valladolid, 81737', '984092555', 2);
INSERT INTO alumnos (id, nombre, apellidos, fecha_nacimiento, dni, direccion, telefono, id_curso) VALUES (65, 'Alonso', 'Tello', '2013-03-17', '98532115M', 'Cañada de Valerio Chaparro 64 Piso 9 , La Coruña, 84933', '348282988', 2);
INSERT INTO alumnos (id, nombre, apellidos, fecha_nacimiento, dni, direccion, telefono, id_curso) VALUES (66, 'Toribio', 'Mata', '2010-03-24', '87312920H', 'Pasaje de Jessica Bayona 4, Córdoba, 32925', '000924367', 3);
INSERT INTO alumnos (id, nombre, apellidos, fecha_nacimiento, dni, direccion, telefono, id_curso) VALUES (67, 'Toni', 'Carlos', '2012-04-18', '3319715X', 'Acceso de Mamen Gallardo 63, Zamora, 72998', '930069028', 3);
INSERT INTO alumnos (id, nombre, apellidos, fecha_nacimiento, dni, direccion, telefono, id_curso) VALUES (68, 'Evita', 'Fajardo', '2012-06-03', '8249368V', 'Cuesta de Alicia Muro 81 Apt. 18 , Navarra, 97629', '219127416', 3);
INSERT INTO alumnos (id, nombre, apellidos, fecha_nacimiento, dni, direccion, telefono, id_curso) VALUES (69, 'Araceli', 'Benavides', '2006-06-01', '5489224M', 'Ronda Rogelio Teruel 6, Ávila, 93036', '096284668', 3);
INSERT INTO alumnos (id, nombre, apellidos, fecha_nacimiento, dni, direccion, telefono, id_curso) VALUES (70, 'Chelo', 'Castejón', '2011-10-29', '27825224L', 'Cañada de Julio Iriarte 16, Melilla, 04228', '150525911', 3);
INSERT INTO alumnos (id, nombre, apellidos, fecha_nacimiento, dni, direccion, telefono, id_curso) VALUES (71, 'Natanael', 'Toro', '2010-05-07', '71900765H', 'Pasaje de Rodolfo Quintana 778, Ceuta, 68521', '206911849', 3);
INSERT INTO alumnos (id, nombre, apellidos, fecha_nacimiento, dni, direccion, telefono, id_curso) VALUES (72, 'Domitila', 'Montaña', '2012-09-03', '89882191N', 'Pasadizo Anselmo Plana 95 Apt. 39 , Lugo, 56938', '881095052', 3);
INSERT INTO alumnos (id, nombre, apellidos, fecha_nacimiento, dni, direccion, telefono, id_curso) VALUES (73, 'Maristela', 'Rius', '2006-05-11', '86959075X', 'Rambla de Ágata Arranz 38 Piso 4 , Castellón, 79929', '595692866', 3);
INSERT INTO alumnos (id, nombre, apellidos, fecha_nacimiento, dni, direccion, telefono, id_curso) VALUES (74, 'Jose Angel', 'Galván', '2008-07-07', '32453543I', 'Alameda Estrella Coll 33 Piso 8 , Murcia, 77329', '931873464', 3);
INSERT INTO alumnos (id, nombre, apellidos, fecha_nacimiento, dni, direccion, telefono, id_curso) VALUES (75, 'Maxi', 'Almansa', '2006-09-18', '25781921M', 'Callejón Angélica Maestre 66 Puerta 6 , Baleares, 52498', '486753111', 3);
INSERT INTO alumnos (id, nombre, apellidos, fecha_nacimiento, dni, direccion, telefono, id_curso) VALUES (76, 'Natalio', 'Báez', '2011-02-20', '31531237B', 'Avenida de Olalla Posada 99, Cuenca, 22932', '347429431', 3);
INSERT INTO alumnos (id, nombre, apellidos, fecha_nacimiento, dni, direccion, telefono, id_curso) VALUES (77, 'Sabina', 'Alemany', '2009-05-02', '72185264Q', 'Avenida de Tomasa Lorenzo 330, Valencia, 62278', '853275734', 3);
INSERT INTO alumnos (id, nombre, apellidos, fecha_nacimiento, dni, direccion, telefono, id_curso) VALUES (78, 'Lalo', 'Osorio', '2010-12-05', '79004913S', 'Avenida de Gabino Peña 2 Puerta 2 , Burgos, 48321', '756805668', 3);
INSERT INTO alumnos (id, nombre, apellidos, fecha_nacimiento, dni, direccion, telefono, id_curso) VALUES (79, 'Gabriela', 'Arana', '2008-12-10', '82772097C', 'Glorieta de Rosendo Bonilla 9, Baleares, 20333', '966183833', 3);
INSERT INTO alumnos (id, nombre, apellidos, fecha_nacimiento, dni, direccion, telefono, id_curso) VALUES (80, 'Armida', 'Castillo', '2011-06-25', '26213844J', 'Cuesta de Felicidad Andres 45 Puerta 0 , León, 83023', '719446541', 3);
INSERT INTO alumnos (id, nombre, apellidos, fecha_nacimiento, dni, direccion, telefono, id_curso) VALUES (81, 'Emperatriz', 'Borja', '2008-04-20', '18266493A', 'Cañada de Ernesto Villar 22, Guadalajara, 53348', '660271428', 3);
INSERT INTO alumnos (id, nombre, apellidos, fecha_nacimiento, dni, direccion, telefono, id_curso) VALUES (82, 'Fabricio', 'Comas', '2011-03-21', '57631954Q', 'Vial Vasco Roda 50, Ourense, 51173', '091749486', 3);
INSERT INTO alumnos (id, nombre, apellidos, fecha_nacimiento, dni, direccion, telefono, id_curso) VALUES (83, 'Luisa', 'Villaverde', '2007-09-15', '66661537P', 'Vial Lara Cobos 39, Badajoz, 14979', '960127055', 3);
INSERT INTO alumnos (id, nombre, apellidos, fecha_nacimiento, dni, direccion, telefono, id_curso) VALUES (84, 'Manu', 'Herranz', '2008-02-25', '11965011L', 'Pasaje Miguel Alarcón 96, Teruel, 98634', '743441527', 3);
INSERT INTO alumnos (id, nombre, apellidos, fecha_nacimiento, dni, direccion, telefono, id_curso) VALUES (85, 'Evangelina', 'Machado', '2010-09-08', '83484243X', 'Rambla Pilar Aguilera 71 Puerta 4 , Madrid, 48629', '420354106', 3);
INSERT INTO alumnos (id, nombre, apellidos, fecha_nacimiento, dni, direccion, telefono, id_curso) VALUES (86, 'Natalio', 'Reguera', '2012-12-22', '17115000P', 'Cuesta de Vasco Durán 76, Huesca, 18721', '867361604', 3);
INSERT INTO alumnos (id, nombre, apellidos, fecha_nacimiento, dni, direccion, telefono, id_curso) VALUES (87, 'Belen', 'Casanova', '2011-02-03', '89762976R', 'Plaza Ciro Nicolau 47, Huesca, 48276', '101534818', 3);
INSERT INTO alumnos (id, nombre, apellidos, fecha_nacimiento, dni, direccion, telefono, id_curso) VALUES (88, 'Encarnita', 'Malo', '2012-08-23', '8177349P', 'Rambla de Fito Sola 82, Navarra, 01141', '346379885', 3);
INSERT INTO alumnos (id, nombre, apellidos, fecha_nacimiento, dni, direccion, telefono, id_curso) VALUES (89, 'Tadeo', 'Guillen', '2008-10-03', '46548436G', 'Callejón de Omar Llamas 42 Piso 5 , Huesca, 94301', '823695820', 3);
INSERT INTO alumnos (id, nombre, apellidos, fecha_nacimiento, dni, direccion, telefono, id_curso) VALUES (90, 'Quirino', 'Albero', '2008-01-10', '76114888N', 'Avenida Loida Villena 569 Apt. 16 , Murcia, 50394', '784101566', 3);
INSERT INTO alumnos (id, nombre, apellidos, fecha_nacimiento, dni, direccion, telefono, id_curso) VALUES (91, 'Salvador', 'Abascal', '2011-09-08', '58374310O', 'C. Ileana Rosado 59 Piso 8 , Granada, 92506', '741353609', 3);
INSERT INTO alumnos (id, nombre, apellidos, fecha_nacimiento, dni, direccion, telefono, id_curso) VALUES (92, 'Saturnina', 'Bayón', '2012-12-11', '13366317L', 'Plaza Francisca Viña 36, La Coruña, 48027', '117444609', 3);
INSERT INTO alumnos (id, nombre, apellidos, fecha_nacimiento, dni, direccion, telefono, id_curso) VALUES (93, 'Benito', 'Marin', '2008-03-19', '61039689O', 'Avenida de Teobaldo Arjona 2, Álava, 40009', '292719208', 3);
INSERT INTO alumnos (id, nombre, apellidos, fecha_nacimiento, dni, direccion, telefono, id_curso) VALUES (94, 'Ema', 'Carmona', '2008-01-23', '13436841F', 'Cuesta Liliana Salinas 228, Huesca, 82180', '165858986', 3);
INSERT INTO alumnos (id, nombre, apellidos, fecha_nacimiento, dni, direccion, telefono, id_curso) VALUES (95, 'Ezequiel', 'Quirós', '2012-12-16', '48902221V', 'Plaza de Adán Abella 44 Puerta 2 , Baleares, 72442', '255318724', 3);
INSERT INTO alumnos (id, nombre, apellidos, fecha_nacimiento, dni, direccion, telefono, id_curso) VALUES (96, 'Herminia', 'Herrero', '2009-05-06', '53605571X', 'Paseo de Pepe Antón 73 Apt. 68 , Vizcaya, 40415', '043245812', 3);
INSERT INTO alumnos (id, nombre, apellidos, fecha_nacimiento, dni, direccion, telefono, id_curso) VALUES (97, 'Dorita', 'Benavent', '2009-10-25', '38273063S', 'Plaza Nerea Cuadrado 72 Apt. 98 , Alicante, 78799', '551065273', 3);
INSERT INTO alumnos (id, nombre, apellidos, fecha_nacimiento, dni, direccion, telefono, id_curso) VALUES (98, 'Encarnacion', 'Urrutia', '2009-11-11', '52654277K', 'Pasaje de Pastora Garmendia 31 Puerta 0 , Valencia, 12426', '865867714', 3);
INSERT INTO alumnos (id, nombre, apellidos, fecha_nacimiento, dni, direccion, telefono, id_curso) VALUES (99, 'Lorenza', 'López', '2009-07-16', '81593752G', 'Ronda Lalo Ramos 1 Piso 8 , Zaragoza, 00768', '878787929', 3);
INSERT INTO alumnos (id, nombre, apellidos, fecha_nacimiento, dni, direccion, telefono, id_curso) VALUES (100, 'Mario', 'Ros', '2006-11-30', '29421169G', 'Cuesta Maximiano Sacristán 57 Piso 5 , Vizcaya, 58468', '428221530', 3);
INSERT INTO alumnos (id, nombre, apellidos, fecha_nacimiento, dni, direccion, telefono, id_curso) VALUES (101, 'Consuela', 'Zabaleta', '2006-10-11', '18694592O', 'Avenida de Marciano Palacios 67, Guipúzcoa, 19144', '207663164', 4);
INSERT INTO alumnos (id, nombre, apellidos, fecha_nacimiento, dni, direccion, telefono, id_curso) VALUES (102, 'Espiridión', 'Román', '2013-03-26', '27606822W', 'Avenida de Nydia Cerro 65, Zaragoza, 53272', '372189975', 4);
INSERT INTO alumnos (id, nombre, apellidos, fecha_nacimiento, dni, direccion, telefono, id_curso) VALUES (103, 'Lalo', 'Palacio', '2011-12-25', '95742077H', 'Alameda de Martín Mínguez 4 Puerta 4 , Cáceres, 73184', '061677220', 4);
INSERT INTO alumnos (id, nombre, apellidos, fecha_nacimiento, dni, direccion, telefono, id_curso) VALUES (104, 'Ema', 'Burgos', '2008-09-27', '10984124K', 'C. de Valeria Dueñas 674, Segovia, 42213', '715864702', 4);
INSERT INTO alumnos (id, nombre, apellidos, fecha_nacimiento, dni, direccion, telefono, id_curso) VALUES (105, 'Úrsula', 'Guardia', '2006-11-25', '16864627W', 'Acceso Maricruz Gomila 6 Apt. 33 , Sevilla, 59784', '099243881', 4);
INSERT INTO alumnos (id, nombre, apellidos, fecha_nacimiento, dni, direccion, telefono, id_curso) VALUES (106, 'Atilio', 'Sarabia', '2010-11-09', '70927999J', 'Alameda de Javi Muro 92 Puerta 0 , Zaragoza, 01802', '054310325', 4);
INSERT INTO alumnos (id, nombre, apellidos, fecha_nacimiento, dni, direccion, telefono, id_curso) VALUES (107, 'Teresita', 'Riquelme', '2008-02-17', '52631707U', 'Pasaje Malena Alba 42, Palencia, 54475', '754847856', 4);
INSERT INTO alumnos (id, nombre, apellidos, fecha_nacimiento, dni, direccion, telefono, id_curso) VALUES (108, 'Iker', 'Solera', '2012-09-30', '40101089Z', 'Cuesta Goyo Donaire 531, Palencia, 71736', '108011922', 4);
INSERT INTO alumnos (id, nombre, apellidos, fecha_nacimiento, dni, direccion, telefono, id_curso) VALUES (109, 'Cornelio', 'Báez', '2009-07-20', '65537407I', 'Camino Vicente Madrid 3, Badajoz, 22445', '758116003', 4);
INSERT INTO alumnos (id, nombre, apellidos, fecha_nacimiento, dni, direccion, telefono, id_curso) VALUES (110, 'Ángeles', 'Roma', '2011-05-11', '16630541V', 'Cañada de Jose Ignacio Pla 6 Piso 2 , Navarra, 70922', '716474060', 4);
INSERT INTO alumnos (id, nombre, apellidos, fecha_nacimiento, dni, direccion, telefono, id_curso) VALUES (111, 'Narciso', 'Martorell', '2011-07-05', '20877428F', 'Vial de Severino Amor 32, La Rioja, 82652', '921131373', 4);
INSERT INTO alumnos (id, nombre, apellidos, fecha_nacimiento, dni, direccion, telefono, id_curso) VALUES (112, 'Pedro', 'Iriarte', '2010-02-11', '69684655V', 'Ronda de Viviana Gisbert 90 Puerta 6 , Castellón, 42243', '562449260', 4);
INSERT INTO alumnos (id, nombre, apellidos, fecha_nacimiento, dni, direccion, telefono, id_curso) VALUES (113, 'Cayetano', 'Benítez', '2012-02-07', '76429808P', 'Pasaje de Celestina Cabañas 12, Vizcaya, 38071', '093273849', 4);
INSERT INTO alumnos (id, nombre, apellidos, fecha_nacimiento, dni, direccion, telefono, id_curso) VALUES (114, 'Raquel', 'Abascal', '2011-08-16', '44883205P', 'Plaza de Consuela Rey 61, Vizcaya, 14925', '096063697', 4);
INSERT INTO alumnos (id, nombre, apellidos, fecha_nacimiento, dni, direccion, telefono, id_curso) VALUES (115, 'Wálter', 'Bauzà', '2011-11-09', '1837673Q', 'C. Rodolfo Díez 28, Alicante, 64260', '683859306', 4);
INSERT INTO alumnos (id, nombre, apellidos, fecha_nacimiento, dni, direccion, telefono, id_curso) VALUES (116, 'Nilo', 'Seco', '2012-07-15', '24701531K', 'Glorieta Dimas Marin 55, Cádiz, 40619', '263662879', 4);
INSERT INTO alumnos (id, nombre, apellidos, fecha_nacimiento, dni, direccion, telefono, id_curso) VALUES (117, 'Javier', 'Garzón', '2010-09-16', '53630289F', 'Vial Serafina Dalmau 60, Barcelona, 86405', '083794603', 4);
INSERT INTO alumnos (id, nombre, apellidos, fecha_nacimiento, dni, direccion, telefono, id_curso) VALUES (118, 'Griselda', 'Calzada', '2012-04-02', '35983014F', 'Callejón Josefina Campos 44 Piso 3 , Cantabria, 61842', '608086143', 4);
INSERT INTO alumnos (id, nombre, apellidos, fecha_nacimiento, dni, direccion, telefono, id_curso) VALUES (119, 'Angelita', 'Roca', '2012-01-30', '74202559W', 'Cañada Lupita Mariño 57, Murcia, 17356', '512758217', 4);
INSERT INTO alumnos (id, nombre, apellidos, fecha_nacimiento, dni, direccion, telefono, id_curso) VALUES (120, 'Mateo', 'Tomé', '2007-07-18', '38038353C', 'Camino de Galo Bayo 7, Girona, 69480', '668533211', 4);
INSERT INTO alumnos (id, nombre, apellidos, fecha_nacimiento, dni, direccion, telefono, id_curso) VALUES (121, 'Pepito', 'Torralba', '2010-09-09', '33045428B', 'Rambla de María Almeida 22, Pontevedra, 18178', '459130648', 4);
INSERT INTO alumnos (id, nombre, apellidos, fecha_nacimiento, dni, direccion, telefono, id_curso) VALUES (122, 'Juan Bautista', 'Batalla', '2013-03-06', '60419497Z', 'Pasaje Leandra Lucas 84, Guipúzcoa, 35556', '069846908', 4);
INSERT INTO alumnos (id, nombre, apellidos, fecha_nacimiento, dni, direccion, telefono, id_curso) VALUES (123, 'Eric', 'Bru', '2007-05-30', '6809074Q', 'Urbanización de Clara Blanch 66, Albacete, 74632', '020290150', 4);
INSERT INTO alumnos (id, nombre, apellidos, fecha_nacimiento, dni, direccion, telefono, id_curso) VALUES (124, 'Mateo', 'Perera', '2012-08-10', '87866290I', 'Urbanización Eladio Garcés 31 Apt. 09 , Palencia, 77609', '832948469', 4);
INSERT INTO alumnos (id, nombre, apellidos, fecha_nacimiento, dni, direccion, telefono, id_curso) VALUES (125, 'Claudia', 'Huertas', '2009-09-07', '35421473J', 'Camino de Julie Jaume 847, Palencia, 51650', '591839000', 4);
INSERT INTO alumnos (id, nombre, apellidos, fecha_nacimiento, dni, direccion, telefono, id_curso) VALUES (126, 'Graciela', 'Aller', '2010-08-06', '99423888P', 'Glorieta de Marcela Querol 577 Piso 0 , Badajoz, 12674', '493287747', 4);
INSERT INTO alumnos (id, nombre, apellidos, fecha_nacimiento, dni, direccion, telefono, id_curso) VALUES (127, 'Baldomero', 'Iglesias', '2009-05-30', '44618997X', 'Rambla de Lucas Tamayo 9 Puerta 4 , Cuenca, 15079', '594470723', 4);
INSERT INTO alumnos (id, nombre, apellidos, fecha_nacimiento, dni, direccion, telefono, id_curso) VALUES (128, 'Ricardo', 'Salgado', '2013-01-30', '50849710P', 'Plaza Ángel Ibáñez 82 Apt. 68 , Córdoba, 20046', '157954530', 4);
INSERT INTO alumnos (id, nombre, apellidos, fecha_nacimiento, dni, direccion, telefono, id_curso) VALUES (129, 'Laura', 'Alemán', '2012-02-12', '51354282U', 'Paseo Jose Francisco Andrés 452, Murcia, 62742', '545436001', 4);
INSERT INTO alumnos (id, nombre, apellidos, fecha_nacimiento, dni, direccion, telefono, id_curso) VALUES (130, 'Fidel', 'Aliaga', '2006-09-13', '71644339K', 'Vial Carla Estévez 16, Girona, 90390', '551955163', 4);
INSERT INTO alumnos (id, nombre, apellidos, fecha_nacimiento, dni, direccion, telefono, id_curso) VALUES (131, 'Ibán', 'Zamora', '2007-12-04', '80569340I', 'Rambla Pepito Jaume 84 Apt. 66 , Badajoz, 24257', '554526332', 4);
INSERT INTO alumnos (id, nombre, apellidos, fecha_nacimiento, dni, direccion, telefono, id_curso) VALUES (132, 'Genoveva', 'Hidalgo', '2012-11-08', '211205X', 'Ronda de Zaida Busquets 7, Salamanca, 60936', '796660422', 4);
INSERT INTO alumnos (id, nombre, apellidos, fecha_nacimiento, dni, direccion, telefono, id_curso) VALUES (133, 'Vinicio', 'Cuenca', '2011-03-29', '52339413O', 'Pasaje Modesta Mir 95 Apt. 49 , Madrid, 43504', '303962498', 4);
INSERT INTO alumnos (id, nombre, apellidos, fecha_nacimiento, dni, direccion, telefono, id_curso) VALUES (134, 'Paloma', 'Tenorio', '2009-06-02', '90408177E', 'Ronda de Onofre Menendez 84, La Coruña, 73277', '638461442', 4);
INSERT INTO alumnos (id, nombre, apellidos, fecha_nacimiento, dni, direccion, telefono, id_curso) VALUES (135, 'Fernando', 'Oliver', '2008-02-15', '77435060L', 'Vial José Antonio Macías 12, Ourense, 16459', '188005697', 4);
INSERT INTO alumnos (id, nombre, apellidos, fecha_nacimiento, dni, direccion, telefono, id_curso) VALUES (136, 'Teodoro', 'Robles', '2012-01-10', '11223058L', 'Calle Agapito Cases 15 Piso 5 , Murcia, 19833', '862010536', 4);
INSERT INTO alumnos (id, nombre, apellidos, fecha_nacimiento, dni, direccion, telefono, id_curso) VALUES (137, 'Nilo', 'Botella', '2007-03-23', '97388718W', 'Rambla Ildefonso Planas 43 Apt. 84 , Teruel, 81955', '837939091', 4);
INSERT INTO alumnos (id, nombre, apellidos, fecha_nacimiento, dni, direccion, telefono, id_curso) VALUES (138, 'Cornelio', 'Mosquera', '2009-02-27', '15369105N', 'Cañada Modesta Barón 7, Burgos, 32320', '778836339', 4);
INSERT INTO alumnos (id, nombre, apellidos, fecha_nacimiento, dni, direccion, telefono, id_curso) VALUES (139, 'Cristian', 'Sanchez', '2010-03-07', '27094967P', 'Glorieta de Noa Santamaría 49 Puerta 6 , Las Palmas, 62298', '139594047', 4);
INSERT INTO alumnos (id, nombre, apellidos, fecha_nacimiento, dni, direccion, telefono, id_curso) VALUES (140, 'Cruz', 'Miranda', '2006-07-21', '48362220C', 'Calle Balduino Ramírez 647, Navarra, 16405', '051908198', 4);
INSERT INTO profesores (id, nombre, apellidos, dni, direccion, telefono) VALUES (1, 'Sergio', 'Losa', '13517792G', 'Paseo Jorge Guardia 59, Castellón, 88713', '671331267');
INSERT INTO profesores (id, nombre, apellidos, dni, direccion, telefono) VALUES (2, 'Carmela', 'Arco', '74145103S', 'Camino de Nydia Chamorro 5, Palencia, 79658', '148835438');
INSERT INTO profesores (id, nombre, apellidos, dni, direccion, telefono) VALUES (3, 'Mohamed', 'Montero', '27874798G', 'Via Jose Carlos Real 425 Piso 7 , Cuenca, 61977', '218440663');
INSERT INTO profesores (id, nombre, apellidos, dni, direccion, telefono) VALUES (4, 'Severo', 'Roig', '44712271B', 'Cuesta de Gisela Alcaraz 1, Salamanca, 25628', '731429332');
INSERT INTO profesores (id, nombre, apellidos, dni, direccion, telefono) VALUES (5, 'Marcial', 'Zorrilla', '2728875Y', 'Rambla Francisca Agullo 265, Albacete, 83460', '772318818');
INSERT INTO profesores (id, nombre, apellidos, dni, direccion, telefono) VALUES (6, 'Leonel', 'Gual', '98985259M', 'Avenida de Susana Esteve 8 Apt. 75 , Las Palmas, 08226', '498900309');
INSERT INTO profesores (id, nombre, apellidos, dni, direccion, telefono) VALUES (7, 'Lope', 'Lorenzo', '70409953V', 'Pasaje Brunilda Carballo 3, Guipúzcoa, 38455', '808161967');
INSERT INTO profesores (id, nombre, apellidos, dni, direccion, telefono) VALUES (8, 'Roberto', 'Esteban', '54816709J', 'Callejón de Lorenzo Chico 8 Puerta 5 , Navarra, 37862', '348340854');
INSERT INTO profesores (id, nombre, apellidos, dni, direccion, telefono) VALUES (9, 'Etelvina', 'Mas', '27785803C', 'Ronda Tristán Alarcón 61, Ceuta, 68592', '530664538');
INSERT INTO profesores (id, nombre, apellidos, dni, direccion, telefono) VALUES (10, 'Angelino', 'Tur', '33143773N', 'Pasaje Jesús Arranz 4, La Coruña, 02944', '934761951');
INSERT INTO asignaturas (id, nombre, creditos, id_curso, id_profesor) VALUES (1, 'Plástica', 3, 1, 9);
INSERT INTO asignaturas (id, nombre, creditos, id_curso, id_profesor) VALUES (2, 'Educación Física', 3, 1, 5);
INSERT INTO asignaturas (id, nombre, creditos, id_curso, id_profesor) VALUES (3, 'Lengua Castellana', 3, 1, 2);
INSERT INTO asignaturas (id, nombre, creditos, id_curso, id_profesor) VALUES (4, 'Geografía e Historia', 4, 1, 9);
INSERT INTO asignaturas (id, nombre, creditos, id_curso, id_profesor) VALUES (5, 'Música', 3, 1, 5);
INSERT INTO asignaturas (id, nombre, creditos, id_curso, id_profesor) VALUES (6, 'Tecnología', 2, 1, 2);
INSERT INTO asignaturas (id, nombre, creditos, id_curso, id_profesor) VALUES (7, 'Cultura Clásica', 4, 1, 8);
INSERT INTO asignaturas (id, nombre, creditos, id_curso, id_profesor) VALUES (8, 'Religión', 2, 1, 6);
INSERT INTO asignaturas (id, nombre, creditos, id_curso, id_profesor) VALUES (9, 'Biología', 5, 1, 6);
INSERT INTO asignaturas (id, nombre, creditos, id_curso, id_profesor) VALUES (10, 'Física y Química', 3, 1, 9);
INSERT INTO asignaturas (id, nombre, creditos, id_curso, id_profesor) VALUES (11, 'Tecnología', 2, 2, 10);
INSERT INTO asignaturas (id, nombre, creditos, id_curso, id_profesor) VALUES (12, 'Cultura Clásica', 5, 2, 6);
INSERT INTO asignaturas (id, nombre, creditos, id_curso, id_profesor) VALUES (13, 'Música', 3, 2, 6);
INSERT INTO asignaturas (id, nombre, creditos, id_curso, id_profesor) VALUES (14, 'Geografía e Historia', 2, 2, 4);
INSERT INTO asignaturas (id, nombre, creditos, id_curso, id_profesor) VALUES (15, 'Lengua Castellana', 3, 2, 4);
INSERT INTO asignaturas (id, nombre, creditos, id_curso, id_profesor) VALUES (16, 'Plástica', 3, 2, 9);
INSERT INTO asignaturas (id, nombre, creditos, id_curso, id_profesor) VALUES (17, 'Francés', 5, 2, 2);
INSERT INTO asignaturas (id, nombre, creditos, id_curso, id_profesor) VALUES (18, 'Matemáticas', 2, 2, 6);
INSERT INTO asignaturas (id, nombre, creditos, id_curso, id_profesor) VALUES (19, 'Inglés', 5, 2, 2);
INSERT INTO asignaturas (id, nombre, creditos, id_curso, id_profesor) VALUES (20, 'Biología', 4, 2, 9);
INSERT INTO asignaturas (id, nombre, creditos, id_curso, id_profesor) VALUES (21, 'Religión', 2, 3, 10);
INSERT INTO asignaturas (id, nombre, creditos, id_curso, id_profesor) VALUES (22, 'Matemáticas', 5, 3, 6);
INSERT INTO asignaturas (id, nombre, creditos, id_curso, id_profesor) VALUES (23, 'Música', 3, 3, 5);
INSERT INTO asignaturas (id, nombre, creditos, id_curso, id_profesor) VALUES (24, 'Inglés', 3, 3, 4);
INSERT INTO asignaturas (id, nombre, creditos, id_curso, id_profesor) VALUES (25, 'Plástica', 3, 3, 1);
INSERT INTO asignaturas (id, nombre, creditos, id_curso, id_profesor) VALUES (26, 'Biología', 4, 3, 8);
INSERT INTO asignaturas (id, nombre, creditos, id_curso, id_profesor) VALUES (27, 'Francés', 2, 3, 2);
INSERT INTO asignaturas (id, nombre, creditos, id_curso, id_profesor) VALUES (28, 'Geografía e Historia', 3, 3, 3);
INSERT INTO asignaturas (id, nombre, creditos, id_curso, id_profesor) VALUES (29, 'Valores Éticos', 2, 3, 2);
INSERT INTO asignaturas (id, nombre, creditos, id_curso, id_profesor) VALUES (30, 'Cultura Clásica', 5, 4, 8);
INSERT INTO asignaturas (id, nombre, creditos, id_curso, id_profesor) VALUES (31, 'Religión', 4, 4, 2);
INSERT INTO asignaturas (id, nombre, creditos, id_curso, id_profesor) VALUES (32, 'Música', 4, 4, 10);
INSERT INTO asignaturas (id, nombre, creditos, id_curso, id_profesor) VALUES (33, 'Geografía e Historia', 2, 4, 8);
INSERT INTO asignaturas (id, nombre, creditos, id_curso, id_profesor) VALUES (34, 'Plástica', 4, 4, 4);
INSERT INTO asignaturas (id, nombre, creditos, id_curso, id_profesor) VALUES (35, 'Biología', 3, 4, 1);
INSERT INTO asignaturas (id, nombre, creditos, id_curso, id_profesor) VALUES (36, 'Valores Éticos', 4, 4, 2);
INSERT INTO asignaturas (id, nombre, creditos, id_curso, id_profesor) VALUES (37, 'Educación Física', 3, 4, 6);
INSERT INTO asignaturas (id, nombre, creditos, id_curso, id_profesor) VALUES (38, 'Informática', 3, 4, 6);
INSERT INTO asignaturas (id, nombre, creditos, id_curso, id_profesor) VALUES (39, 'Física y Química', 5, 4, 1);
INSERT INTO matriculas (id, id_alumno, id_asignatura, fecha_matricula, nota) VALUES (1, 1, 1, '2024-12-17', 1);
INSERT INTO matriculas (id, id_alumno, id_asignatura, fecha_matricula, nota) VALUES (2, 1, 2, '2024-05-23', 2);
INSERT INTO matriculas (id, id_alumno, id_asignatura, fecha_matricula, nota) VALUES (3, 1, 3, '2025-03-10', 3);
INSERT INTO matriculas (id, id_alumno, id_asignatura, fecha_matricula, nota) VALUES (4, 1, 4, '2024-06-14', 0);
INSERT INTO matriculas (id, id_alumno, id_asignatura, fecha_matricula, nota) VALUES (5, 1, 5, '2024-09-22', 9);
INSERT INTO matriculas (id, id_alumno, id_asignatura, fecha_matricula, nota) VALUES (6, 1, 6, '2025-01-16', 10);
INSERT INTO matriculas (id, id_alumno, id_asignatura, fecha_matricula, nota) VALUES (7, 1, 7, '2024-11-01', 8);
INSERT INTO matriculas (id, id_alumno, id_asignatura, fecha_matricula, nota) VALUES (8, 1, 8, '2025-04-03', 9);
INSERT INTO matriculas (id, id_alumno, id_asignatura, fecha_matricula, nota) VALUES (9, 1, 9, '2024-07-19', 10);
INSERT INTO matriculas (id, id_alumno, id_asignatura, fecha_matricula, nota) VALUES (10, 1, 10, '2024-09-03', 1);
INSERT INTO matriculas (id, id_alumno, id_asignatura, fecha_matricula, nota) VALUES (11, 2, 1, '2024-08-26', 0);
INSERT INTO matriculas (id, id_alumno, id_asignatura, fecha_matricula, nota) VALUES (12, 2, 2, '2025-02-17', 1);
INSERT INTO matriculas (id, id_alumno, id_asignatura, fecha_matricula, nota) VALUES (13, 2, 3, '2024-06-13', 10);
INSERT INTO matriculas (id, id_alumno, id_asignatura, fecha_matricula, nota) VALUES (14, 2, 4, '2025-03-01', 3);
INSERT INTO matriculas (id, id_alumno, id_asignatura, fecha_matricula, nota) VALUES (15, 2, 5, '2024-05-07', 9);
INSERT INTO matriculas (id, id_alumno, id_asignatura, fecha_matricula, nota) VALUES (16, 2, 6, '2024-06-01', 9);
INSERT INTO matriculas (id, id_alumno, id_asignatura, fecha_matricula, nota) VALUES (17, 2, 7, '2025-04-04', 1);
INSERT INTO matriculas (id, id_alumno, id_asignatura, fecha_matricula, nota) VALUES (18, 2, 8, '2025-01-21', 6);
INSERT INTO matriculas (id, id_alumno, id_asignatura, fecha_matricula, nota) VALUES (19, 2, 9, '2024-12-26', 1);
INSERT INTO matriculas (id, id_alumno, id_asignatura, fecha_matricula, nota) VALUES (20, 2, 10, '2024-10-21', 5);
INSERT INTO matriculas (id, id_alumno, id_asignatura, fecha_matricula, nota) VALUES (21, 3, 1, '2025-04-09', 1);
INSERT INTO matriculas (id, id_alumno, id_asignatura, fecha_matricula, nota) VALUES (22, 3, 2, '2024-07-22', 0);
INSERT INTO matriculas (id, id_alumno, id_asignatura, fecha_matricula, nota) VALUES (23, 3, 3, '2024-11-14', 9);
INSERT INTO matriculas (id, id_alumno, id_asignatura, fecha_matricula, nota) VALUES (24, 3, 4, '2024-07-24', 0);
INSERT INTO matriculas (id, id_alumno, id_asignatura, fecha_matricula, nota) VALUES (25, 3, 5, '2024-11-11', 3);
INSERT INTO matriculas (id, id_alumno, id_asignatura, fecha_matricula, nota) VALUES (26, 3, 6, '2025-03-21', 2);
INSERT INTO matriculas (id, id_alumno, id_asignatura, fecha_matricula, nota) VALUES (27, 3, 7, '2024-12-08', 1);
INSERT INTO matriculas (id, id_alumno, id_asignatura, fecha_matricula, nota) VALUES (28, 3, 8, '2025-01-23', 7);
INSERT INTO matriculas (id, id_alumno, id_asignatura, fecha_matricula, nota) VALUES (29, 3, 9, '2025-02-12', 3);
INSERT INTO matriculas (id, id_alumno, id_asignatura, fecha_matricula, nota) VALUES (30, 3, 10, '2024-10-10', 0);
INSERT INTO matriculas (id, id_alumno, id_asignatura, fecha_matricula, nota) VALUES (31, 4, 1, '2024-11-23', 10);
INSERT INTO matriculas (id, id_alumno, id_asignatura, fecha_matricula, nota) VALUES (32, 4, 2, '2024-11-05', 0);
INSERT INTO matriculas (id, id_alumno, id_asignatura, fecha_matricula, nota) VALUES (33, 4, 3, '2025-05-06', 8);
INSERT INTO matriculas (id, id_alumno, id_asignatura, fecha_matricula, nota) VALUES (34, 4, 4, '2024-07-07', 6);
INSERT INTO matriculas (id, id_alumno, id_asignatura, fecha_matricula, nota) VALUES (35, 4, 5, '2024-07-04', 9);
INSERT INTO matriculas (id, id_alumno, id_asignatura, fecha_matricula, nota) VALUES (36, 4, 6, '2024-05-07', 1);
INSERT INTO matriculas (id, id_alumno, id_asignatura, fecha_matricula, nota) VALUES (37, 4, 7, '2024-11-25', 4);
INSERT INTO matriculas (id, id_alumno, id_asignatura, fecha_matricula, nota) VALUES (38, 4, 8, '2024-10-29', 1);
INSERT INTO matriculas (id, id_alumno, id_asignatura, fecha_matricula, nota) VALUES (39, 4, 9, '2024-06-03', 3);
INSERT INTO matriculas (id, id_alumno, id_asignatura, fecha_matricula, nota) VALUES (40, 4, 10, '2025-04-04', 1);
INSERT INTO matriculas (id, id_alumno, id_asignatura, fecha_matricula, nota) VALUES (41, 5, 1, '2024-10-13', 10);
INSERT INTO matriculas (id, id_alumno, id_asignatura, fecha_matricula, nota) VALUES (42, 5, 2, '2025-01-04', 4);
INSERT INTO matriculas (id, id_alumno, id_asignatura, fecha_matricula, nota) VALUES (43, 5, 3, '2025-04-11', 5);
INSERT INTO matriculas (id, id_alumno, id_asignatura, fecha_matricula, nota) VALUES (44, 5, 4, '2025-01-31', 6);
INSERT INTO matriculas (id, id_alumno, id_asignatura, fecha_matricula, nota) VALUES (45, 5, 5, '2024-09-07', 2);
INSERT INTO matriculas (id, id_alumno, id_asignatura, fecha_matricula, nota) VALUES (46, 5, 6, '2025-02-14', 0);
INSERT INTO matriculas (id, id_alumno, id_asignatura, fecha_matricula, nota) VALUES (47, 5, 7, '2024-07-14', 8);
INSERT INTO matriculas (id, id_alumno, id_asignatura, fecha_matricula, nota) VALUES (48, 5, 8, '2024-06-06', 7);
INSERT INTO matriculas (id, id_alumno, id_asignatura, fecha_matricula, nota) VALUES (49, 5, 9, '2024-12-11', 0);
INSERT INTO matriculas (id, id_alumno, id_asignatura, fecha_matricula, nota) VALUES (50, 5, 10, '2025-02-28', 9);
INSERT INTO matriculas (id, id_alumno, id_asignatura, fecha_matricula, nota) VALUES (51, 6, 1, '2024-12-29', 1);
INSERT INTO matriculas (id, id_alumno, id_asignatura, fecha_matricula, nota) VALUES (52, 6, 2, '2024-09-15', 6);
INSERT INTO matriculas (id, id_alumno, id_asignatura, fecha_matricula, nota) VALUES (53, 6, 3, '2024-10-29', 3);
INSERT INTO matriculas (id, id_alumno, id_asignatura, fecha_matricula, nota) VALUES (54, 6, 4, '2025-01-01', 4);
INSERT INTO matriculas (id, id_alumno, id_asignatura, fecha_matricula, nota) VALUES (55, 6, 5, '2024-07-19', 5);
INSERT INTO matriculas (id, id_alumno, id_asignatura, fecha_matricula, nota) VALUES (56, 6, 6, '2025-02-06', 7);
INSERT INTO matriculas (id, id_alumno, id_asignatura, fecha_matricula, nota) VALUES (57, 6, 7, '2024-11-12', 9);
INSERT INTO matriculas (id, id_alumno, id_asignatura, fecha_matricula, nota) VALUES (58, 6, 8, '2025-01-24', 2);
INSERT INTO matriculas (id, id_alumno, id_asignatura, fecha_matricula, nota) VALUES (59, 6, 9, '2025-03-10', 10);
INSERT INTO matriculas (id, id_alumno, id_asignatura, fecha_matricula, nota) VALUES (60, 6, 10, '2024-10-16', 3);
INSERT INTO matriculas (id, id_alumno, id_asignatura, fecha_matricula, nota) VALUES (61, 7, 1, '2024-05-25', 0);
INSERT INTO matriculas (id, id_alumno, id_asignatura, fecha_matricula, nota) VALUES (62, 7, 2, '2024-07-06', 10);
INSERT INTO matriculas (id, id_alumno, id_asignatura, fecha_matricula, nota) VALUES (63, 7, 3, '2024-08-11', 2);
INSERT INTO matriculas (id, id_alumno, id_asignatura, fecha_matricula, nota) VALUES (64, 7, 4, '2024-08-27', 2);
INSERT INTO matriculas (id, id_alumno, id_asignatura, fecha_matricula, nota) VALUES (65, 7, 5, '2024-12-01', 5);
INSERT INTO matriculas (id, id_alumno, id_asignatura, fecha_matricula, nota) VALUES (66, 7, 6, '2024-08-28', 8);
INSERT INTO matriculas (id, id_alumno, id_asignatura, fecha_matricula, nota) VALUES (67, 7, 7, '2025-03-29', 4);
INSERT INTO matriculas (id, id_alumno, id_asignatura, fecha_matricula, nota) VALUES (68, 7, 8, '2025-01-20', 1);
INSERT INTO matriculas (id, id_alumno, id_asignatura, fecha_matricula, nota) VALUES (69, 7, 9, '2024-10-22', 9);
INSERT INTO matriculas (id, id_alumno, id_asignatura, fecha_matricula, nota) VALUES (70, 7, 10, '2025-05-01', 7);
INSERT INTO matriculas (id, id_alumno, id_asignatura, fecha_matricula, nota) VALUES (71, 8, 1, '2025-03-04', 10);
INSERT INTO matriculas (id, id_alumno, id_asignatura, fecha_matricula, nota) VALUES (72, 8, 2, '2024-12-21', 2);
INSERT INTO matriculas (id, id_alumno, id_asignatura, fecha_matricula, nota) VALUES (73, 8, 3, '2024-05-06', 0);
INSERT INTO matriculas (id, id_alumno, id_asignatura, fecha_matricula, nota) VALUES (74, 8, 4, '2025-01-15', 7);
INSERT INTO matriculas (id, id_alumno, id_asignatura, fecha_matricula, nota) VALUES (75, 8, 5, '2024-11-13', 10);
INSERT INTO matriculas (id, id_alumno, id_asignatura, fecha_matricula, nota) VALUES (76, 8, 6, '2024-06-01', 6);
INSERT INTO matriculas (id, id_alumno, id_asignatura, fecha_matricula, nota) VALUES (77, 8, 7, '2024-11-05', 9);
INSERT INTO matriculas (id, id_alumno, id_asignatura, fecha_matricula, nota) VALUES (78, 8, 8, '2024-08-27', 8);
INSERT INTO matriculas (id, id_alumno, id_asignatura, fecha_matricula, nota) VALUES (79, 8, 9, '2025-02-10', 4);
INSERT INTO matriculas (id, id_alumno, id_asignatura, fecha_matricula, nota) VALUES (80, 8, 10, '2024-11-03', 10);
INSERT INTO matriculas (id, id_alumno, id_asignatura, fecha_matricula, nota) VALUES (81, 9, 1, '2025-01-26', 5);
INSERT INTO matriculas (id, id_alumno, id_asignatura, fecha_matricula, nota) VALUES (82, 9, 2, '2024-12-07', 6);
INSERT INTO matriculas (id, id_alumno, id_asignatura, fecha_matricula, nota) VALUES (83, 9, 3, '2024-09-25', 10);
INSERT INTO matriculas (id, id_alumno, id_asignatura, fecha_matricula, nota) VALUES (84, 9, 4, '2025-05-04', 4);
INSERT INTO matriculas (id, id_alumno, id_asignatura, fecha_matricula, nota) VALUES (85, 9, 5, '2024-11-08', 2);
INSERT INTO matriculas (id, id_alumno, id_asignatura, fecha_matricula, nota) VALUES (86, 9, 6, '2025-01-01', 8);
INSERT INTO matriculas (id, id_alumno, id_asignatura, fecha_matricula, nota) VALUES (87, 9, 7, '2024-06-02', 0);
INSERT INTO matriculas (id, id_alumno, id_asignatura, fecha_matricula, nota) VALUES (88, 9, 8, '2025-01-14', 7);
INSERT INTO matriculas (id, id_alumno, id_asignatura, fecha_matricula, nota) VALUES (89, 9, 9, '2024-09-02', 1);
INSERT INTO matriculas (id, id_alumno, id_asignatura, fecha_matricula, nota) VALUES (90, 9, 10, '2024-07-26', 5);
INSERT INTO matriculas (id, id_alumno, id_asignatura, fecha_matricula, nota) VALUES (91, 10, 1, '2025-02-22', 0);
INSERT INTO matriculas (id, id_alumno, id_asignatura, fecha_matricula, nota) VALUES (92, 10, 2, '2025-04-28', 8);
INSERT INTO matriculas (id, id_alumno, id_asignatura, fecha_matricula, nota) VALUES (93, 10, 3, '2024-10-15', 4);
INSERT INTO matriculas (id, id_alumno, id_asignatura, fecha_matricula, nota) VALUES (94, 10, 4, '2024-11-01', 2);
INSERT INTO matriculas (id, id_alumno, id_asignatura, fecha_matricula, nota) VALUES (95, 10, 5, '2024-09-19', 3);
INSERT INTO matriculas (id, id_alumno, id_asignatura, fecha_matricula, nota) VALUES (96, 10, 6, '2024-10-24', 7);
INSERT INTO matriculas (id, id_alumno, id_asignatura, fecha_matricula, nota) VALUES (97, 10, 7, '2025-01-11', 5);
INSERT INTO matriculas (id, id_alumno, id_asignatura, fecha_matricula, nota) VALUES (98, 10, 8, '2024-07-01', 9);
INSERT INTO matriculas (id, id_alumno, id_asignatura, fecha_matricula, nota) VALUES (99, 10, 9, '2025-03-04', 4);
INSERT INTO matriculas (id, id_alumno, id_asignatura, fecha_matricula, nota) VALUES (100, 10, 10, '2025-01-28', 10);
INSERT INTO matriculas (id, id_alumno, id_asignatura, fecha_matricula, nota) VALUES (101, 11, 1, '2024-11-09', 5);
INSERT INTO matriculas (id, id_alumno, id_asignatura, fecha_matricula, nota) VALUES (102, 11, 2, '2025-04-16', 9);
INSERT INTO matriculas (id, id_alumno, id_asignatura, fecha_matricula, nota) VALUES (103, 11, 3, '2024-09-23', 10);
INSERT INTO matriculas (id, id_alumno, id_asignatura, fecha_matricula, nota) VALUES (104, 11, 4, '2024-05-30', 9);
INSERT INTO matriculas (id, id_alumno, id_asignatura, fecha_matricula, nota) VALUES (105, 11, 5, '2024-08-13', 2);
INSERT INTO matriculas (id, id_alumno, id_asignatura, fecha_matricula, nota) VALUES (106, 11, 6, '2025-01-12', 4);
INSERT INTO matriculas (id, id_alumno, id_asignatura, fecha_matricula, nota) VALUES (107, 11, 7, '2024-12-11', 6);
INSERT INTO matriculas (id, id_alumno, id_asignatura, fecha_matricula, nota) VALUES (108, 11, 8, '2024-07-26', 6);
INSERT INTO matriculas (id, id_alumno, id_asignatura, fecha_matricula, nota) VALUES (109, 11, 9, '2024-12-19', 10);
INSERT INTO matriculas (id, id_alumno, id_asignatura, fecha_matricula, nota) VALUES (110, 11, 10, '2024-06-27', 1);
INSERT INTO matriculas (id, id_alumno, id_asignatura, fecha_matricula, nota) VALUES (111, 12, 1, '2025-01-19', 0);
INSERT INTO matriculas (id, id_alumno, id_asignatura, fecha_matricula, nota) VALUES (112, 12, 2, '2024-11-26', 9);
INSERT INTO matriculas (id, id_alumno, id_asignatura, fecha_matricula, nota) VALUES (113, 12, 3, '2024-08-25', 3);
INSERT INTO matriculas (id, id_alumno, id_asignatura, fecha_matricula, nota) VALUES (114, 12, 4, '2025-01-15', 5);
INSERT INTO matriculas (id, id_alumno, id_asignatura, fecha_matricula, nota) VALUES (115, 12, 5, '2024-06-06', 2);
INSERT INTO matriculas (id, id_alumno, id_asignatura, fecha_matricula, nota) VALUES (116, 12, 6, '2024-07-13', 3);
INSERT INTO matriculas (id, id_alumno, id_asignatura, fecha_matricula, nota) VALUES (117, 12, 7, '2025-02-13', 3);
INSERT INTO matriculas (id, id_alumno, id_asignatura, fecha_matricula, nota) VALUES (118, 12, 8, '2024-05-07', 10);
INSERT INTO matriculas (id, id_alumno, id_asignatura, fecha_matricula, nota) VALUES (119, 12, 9, '2025-04-09', 7);
INSERT INTO matriculas (id, id_alumno, id_asignatura, fecha_matricula, nota) VALUES (120, 12, 10, '2024-12-08', 6);
INSERT INTO matriculas (id, id_alumno, id_asignatura, fecha_matricula, nota) VALUES (121, 13, 1, '2024-12-18', 10);
INSERT INTO matriculas (id, id_alumno, id_asignatura, fecha_matricula, nota) VALUES (122, 13, 2, '2025-02-13', 9);
INSERT INTO matriculas (id, id_alumno, id_asignatura, fecha_matricula, nota) VALUES (123, 13, 3, '2025-02-28', 6);
INSERT INTO matriculas (id, id_alumno, id_asignatura, fecha_matricula, nota) VALUES (124, 13, 4, '2025-01-22', 0);
INSERT INTO matriculas (id, id_alumno, id_asignatura, fecha_matricula, nota) VALUES (125, 13, 5, '2025-01-29', 6);
INSERT INTO matriculas (id, id_alumno, id_asignatura, fecha_matricula, nota) VALUES (126, 13, 6, '2025-04-19', 9);
INSERT INTO matriculas (id, id_alumno, id_asignatura, fecha_matricula, nota) VALUES (127, 13, 7, '2024-11-30', 6);
INSERT INTO matriculas (id, id_alumno, id_asignatura, fecha_matricula, nota) VALUES (128, 13, 8, '2024-10-30', 10);
INSERT INTO matriculas (id, id_alumno, id_asignatura, fecha_matricula, nota) VALUES (129, 13, 9, '2025-03-15', 0);
INSERT INTO matriculas (id, id_alumno, id_asignatura, fecha_matricula, nota) VALUES (130, 13, 10, '2024-12-07', 2);
INSERT INTO matriculas (id, id_alumno, id_asignatura, fecha_matricula, nota) VALUES (131, 14, 1, '2024-11-09', 7);
INSERT INTO matriculas (id, id_alumno, id_asignatura, fecha_matricula, nota) VALUES (132, 14, 2, '2024-08-21', 1);
INSERT INTO matriculas (id, id_alumno, id_asignatura, fecha_matricula, nota) VALUES (133, 14, 3, '2024-07-15', 4);
INSERT INTO matriculas (id, id_alumno, id_asignatura, fecha_matricula, nota) VALUES (134, 14, 4, '2024-05-08', 2);
INSERT INTO matriculas (id, id_alumno, id_asignatura, fecha_matricula, nota) VALUES (135, 14, 5, '2025-03-22', 7);
INSERT INTO matriculas (id, id_alumno, id_asignatura, fecha_matricula, nota) VALUES (136, 14, 6, '2025-01-10', 8);
INSERT INTO matriculas (id, id_alumno, id_asignatura, fecha_matricula, nota) VALUES (137, 14, 7, '2025-04-17', 7);
INSERT INTO matriculas (id, id_alumno, id_asignatura, fecha_matricula, nota) VALUES (138, 14, 8, '2025-04-20', 8);
INSERT INTO matriculas (id, id_alumno, id_asignatura, fecha_matricula, nota) VALUES (139, 14, 9, '2024-10-21', 9);
INSERT INTO matriculas (id, id_alumno, id_asignatura, fecha_matricula, nota) VALUES (140, 14, 10, '2024-09-19', 0);
INSERT INTO matriculas (id, id_alumno, id_asignatura, fecha_matricula, nota) VALUES (141, 15, 1, '2024-08-31', 0);
INSERT INTO matriculas (id, id_alumno, id_asignatura, fecha_matricula, nota) VALUES (142, 15, 2, '2024-10-22', 7);
INSERT INTO matriculas (id, id_alumno, id_asignatura, fecha_matricula, nota) VALUES (143, 15, 3, '2024-05-24', 5);
INSERT INTO matriculas (id, id_alumno, id_asignatura, fecha_matricula, nota) VALUES (144, 15, 4, '2025-02-02', 4);
INSERT INTO matriculas (id, id_alumno, id_asignatura, fecha_matricula, nota) VALUES (145, 15, 5, '2025-04-25', 7);
INSERT INTO matriculas (id, id_alumno, id_asignatura, fecha_matricula, nota) VALUES (146, 15, 6, '2024-05-18', 0);
INSERT INTO matriculas (id, id_alumno, id_asignatura, fecha_matricula, nota) VALUES (147, 15, 7, '2024-05-24', 6);
INSERT INTO matriculas (id, id_alumno, id_asignatura, fecha_matricula, nota) VALUES (148, 15, 8, '2024-08-10', 3);
INSERT INTO matriculas (id, id_alumno, id_asignatura, fecha_matricula, nota) VALUES (149, 15, 9, '2024-10-17', 8);
INSERT INTO matriculas (id, id_alumno, id_asignatura, fecha_matricula, nota) VALUES (150, 15, 10, '2025-03-01', 10);
INSERT INTO matriculas (id, id_alumno, id_asignatura, fecha_matricula, nota) VALUES (151, 16, 1, '2025-01-14', 1);
INSERT INTO matriculas (id, id_alumno, id_asignatura, fecha_matricula, nota) VALUES (152, 16, 2, '2024-06-10', 2);
INSERT INTO matriculas (id, id_alumno, id_asignatura, fecha_matricula, nota) VALUES (153, 16, 3, '2024-05-24', 0);
INSERT INTO matriculas (id, id_alumno, id_asignatura, fecha_matricula, nota) VALUES (154, 16, 4, '2024-09-28', 6);
INSERT INTO matriculas (id, id_alumno, id_asignatura, fecha_matricula, nota) VALUES (155, 16, 5, '2024-11-04', 10);
INSERT INTO matriculas (id, id_alumno, id_asignatura, fecha_matricula, nota) VALUES (156, 16, 6, '2024-12-23', 6);
INSERT INTO matriculas (id, id_alumno, id_asignatura, fecha_matricula, nota) VALUES (157, 16, 7, '2024-07-26', 5);
INSERT INTO matriculas (id, id_alumno, id_asignatura, fecha_matricula, nota) VALUES (158, 16, 8, '2024-06-20', 0);
INSERT INTO matriculas (id, id_alumno, id_asignatura, fecha_matricula, nota) VALUES (159, 16, 9, '2024-08-17', 3);
INSERT INTO matriculas (id, id_alumno, id_asignatura, fecha_matricula, nota) VALUES (160, 16, 10, '2025-05-06', 0);
INSERT INTO matriculas (id, id_alumno, id_asignatura, fecha_matricula, nota) VALUES (161, 17, 1, '2024-05-13', 0);
INSERT INTO matriculas (id, id_alumno, id_asignatura, fecha_matricula, nota) VALUES (162, 17, 2, '2024-07-12', 10);
INSERT INTO matriculas (id, id_alumno, id_asignatura, fecha_matricula, nota) VALUES (163, 17, 3, '2024-11-06', 8);
INSERT INTO matriculas (id, id_alumno, id_asignatura, fecha_matricula, nota) VALUES (164, 17, 4, '2024-12-27', 9);
INSERT INTO matriculas (id, id_alumno, id_asignatura, fecha_matricula, nota) VALUES (165, 17, 5, '2024-05-24', 1);
INSERT INTO matriculas (id, id_alumno, id_asignatura, fecha_matricula, nota) VALUES (166, 17, 6, '2024-06-01', 3);
INSERT INTO matriculas (id, id_alumno, id_asignatura, fecha_matricula, nota) VALUES (167, 17, 7, '2024-05-13', 1);
INSERT INTO matriculas (id, id_alumno, id_asignatura, fecha_matricula, nota) VALUES (168, 17, 8, '2024-08-11', 9);
INSERT INTO matriculas (id, id_alumno, id_asignatura, fecha_matricula, nota) VALUES (169, 17, 9, '2024-07-01', 10);
INSERT INTO matriculas (id, id_alumno, id_asignatura, fecha_matricula, nota) VALUES (170, 17, 10, '2024-10-22', 3);
INSERT INTO matriculas (id, id_alumno, id_asignatura, fecha_matricula, nota) VALUES (171, 18, 1, '2025-02-25', 4);
INSERT INTO matriculas (id, id_alumno, id_asignatura, fecha_matricula, nota) VALUES (172, 18, 2, '2024-07-06', 4);
INSERT INTO matriculas (id, id_alumno, id_asignatura, fecha_matricula, nota) VALUES (173, 18, 3, '2025-04-17', 2);
INSERT INTO matriculas (id, id_alumno, id_asignatura, fecha_matricula, nota) VALUES (174, 18, 4, '2025-03-18', 1);
INSERT INTO matriculas (id, id_alumno, id_asignatura, fecha_matricula, nota) VALUES (175, 18, 5, '2024-07-29', 7);
INSERT INTO matriculas (id, id_alumno, id_asignatura, fecha_matricula, nota) VALUES (176, 18, 6, '2024-08-06', 6);
INSERT INTO matriculas (id, id_alumno, id_asignatura, fecha_matricula, nota) VALUES (177, 18, 7, '2025-01-09', 10);
INSERT INTO matriculas (id, id_alumno, id_asignatura, fecha_matricula, nota) VALUES (178, 18, 8, '2024-07-30', 1);
INSERT INTO matriculas (id, id_alumno, id_asignatura, fecha_matricula, nota) VALUES (179, 18, 9, '2025-04-23', 0);
INSERT INTO matriculas (id, id_alumno, id_asignatura, fecha_matricula, nota) VALUES (180, 18, 10, '2024-12-01', 4);
INSERT INTO matriculas (id, id_alumno, id_asignatura, fecha_matricula, nota) VALUES (181, 19, 1, '2025-01-16', 7);
INSERT INTO matriculas (id, id_alumno, id_asignatura, fecha_matricula, nota) VALUES (182, 19, 2, '2024-05-12', 1);
INSERT INTO matriculas (id, id_alumno, id_asignatura, fecha_matricula, nota) VALUES (183, 19, 3, '2024-05-29', 4);
INSERT INTO matriculas (id, id_alumno, id_asignatura, fecha_matricula, nota) VALUES (184, 19, 4, '2025-03-13', 2);
INSERT INTO matriculas (id, id_alumno, id_asignatura, fecha_matricula, nota) VALUES (185, 19, 5, '2024-10-27', 10);
INSERT INTO matriculas (id, id_alumno, id_asignatura, fecha_matricula, nota) VALUES (186, 19, 6, '2024-11-11', 8);
INSERT INTO matriculas (id, id_alumno, id_asignatura, fecha_matricula, nota) VALUES (187, 19, 7, '2024-09-11', 10);
INSERT INTO matriculas (id, id_alumno, id_asignatura, fecha_matricula, nota) VALUES (188, 19, 8, '2024-07-03', 10);
INSERT INTO matriculas (id, id_alumno, id_asignatura, fecha_matricula, nota) VALUES (189, 19, 9, '2025-01-11', 5);
INSERT INTO matriculas (id, id_alumno, id_asignatura, fecha_matricula, nota) VALUES (190, 19, 10, '2024-06-02', 1);
INSERT INTO matriculas (id, id_alumno, id_asignatura, fecha_matricula, nota) VALUES (191, 20, 1, '2024-05-29', 2);
INSERT INTO matriculas (id, id_alumno, id_asignatura, fecha_matricula, nota) VALUES (192, 20, 2, '2025-04-10', 4);
INSERT INTO matriculas (id, id_alumno, id_asignatura, fecha_matricula, nota) VALUES (193, 20, 3, '2025-01-16', 0);
INSERT INTO matriculas (id, id_alumno, id_asignatura, fecha_matricula, nota) VALUES (194, 20, 4, '2024-12-23', 0);
INSERT INTO matriculas (id, id_alumno, id_asignatura, fecha_matricula, nota) VALUES (195, 20, 5, '2024-05-24', 0);
INSERT INTO matriculas (id, id_alumno, id_asignatura, fecha_matricula, nota) VALUES (196, 20, 6, '2025-04-19', 3);
INSERT INTO matriculas (id, id_alumno, id_asignatura, fecha_matricula, nota) VALUES (197, 20, 7, '2024-05-27', 10);
INSERT INTO matriculas (id, id_alumno, id_asignatura, fecha_matricula, nota) VALUES (198, 20, 8, '2025-01-08', 4);
INSERT INTO matriculas (id, id_alumno, id_asignatura, fecha_matricula, nota) VALUES (199, 20, 9, '2024-08-02', 8);
INSERT INTO matriculas (id, id_alumno, id_asignatura, fecha_matricula, nota) VALUES (200, 20, 10, '2025-04-06', 5);
INSERT INTO matriculas (id, id_alumno, id_asignatura, fecha_matricula, nota) VALUES (201, 21, 1, '2024-10-08', 5);
INSERT INTO matriculas (id, id_alumno, id_asignatura, fecha_matricula, nota) VALUES (202, 21, 2, '2025-02-28', 9);
INSERT INTO matriculas (id, id_alumno, id_asignatura, fecha_matricula, nota) VALUES (203, 21, 3, '2025-02-28', 0);
INSERT INTO matriculas (id, id_alumno, id_asignatura, fecha_matricula, nota) VALUES (204, 21, 4, '2024-08-16', 9);
INSERT INTO matriculas (id, id_alumno, id_asignatura, fecha_matricula, nota) VALUES (205, 21, 5, '2025-03-06', 10);
INSERT INTO matriculas (id, id_alumno, id_asignatura, fecha_matricula, nota) VALUES (206, 21, 6, '2024-05-09', 7);
INSERT INTO matriculas (id, id_alumno, id_asignatura, fecha_matricula, nota) VALUES (207, 21, 7, '2024-11-13', 10);
INSERT INTO matriculas (id, id_alumno, id_asignatura, fecha_matricula, nota) VALUES (208, 21, 8, '2024-08-15', 7);
INSERT INTO matriculas (id, id_alumno, id_asignatura, fecha_matricula, nota) VALUES (209, 21, 9, '2025-03-12', 10);
INSERT INTO matriculas (id, id_alumno, id_asignatura, fecha_matricula, nota) VALUES (210, 21, 10, '2025-05-03', 6);
INSERT INTO matriculas (id, id_alumno, id_asignatura, fecha_matricula, nota) VALUES (211, 22, 1, '2024-06-13', 5);
INSERT INTO matriculas (id, id_alumno, id_asignatura, fecha_matricula, nota) VALUES (212, 22, 2, '2024-12-07', 8);
INSERT INTO matriculas (id, id_alumno, id_asignatura, fecha_matricula, nota) VALUES (213, 22, 3, '2024-07-03', 2);
INSERT INTO matriculas (id, id_alumno, id_asignatura, fecha_matricula, nota) VALUES (214, 22, 4, '2024-06-06', 3);
INSERT INTO matriculas (id, id_alumno, id_asignatura, fecha_matricula, nota) VALUES (215, 22, 5, '2024-09-26', 6);
INSERT INTO matriculas (id, id_alumno, id_asignatura, fecha_matricula, nota) VALUES (216, 22, 6, '2025-02-11', 9);
INSERT INTO matriculas (id, id_alumno, id_asignatura, fecha_matricula, nota) VALUES (217, 22, 7, '2024-09-06', 4);
INSERT INTO matriculas (id, id_alumno, id_asignatura, fecha_matricula, nota) VALUES (218, 22, 8, '2025-01-05', 0);
INSERT INTO matriculas (id, id_alumno, id_asignatura, fecha_matricula, nota) VALUES (219, 22, 9, '2024-11-24', 2);
INSERT INTO matriculas (id, id_alumno, id_asignatura, fecha_matricula, nota) VALUES (220, 22, 10, '2025-03-31', 2);
INSERT INTO matriculas (id, id_alumno, id_asignatura, fecha_matricula, nota) VALUES (221, 23, 1, '2025-01-15', 4);
INSERT INTO matriculas (id, id_alumno, id_asignatura, fecha_matricula, nota) VALUES (222, 23, 2, '2024-07-22', 5);
INSERT INTO matriculas (id, id_alumno, id_asignatura, fecha_matricula, nota) VALUES (223, 23, 3, '2025-03-30', 5);
INSERT INTO matriculas (id, id_alumno, id_asignatura, fecha_matricula, nota) VALUES (224, 23, 4, '2024-11-29', 5);
INSERT INTO matriculas (id, id_alumno, id_asignatura, fecha_matricula, nota) VALUES (225, 23, 5, '2025-01-24', 1);
INSERT INTO matriculas (id, id_alumno, id_asignatura, fecha_matricula, nota) VALUES (226, 23, 6, '2024-12-30', 5);
INSERT INTO matriculas (id, id_alumno, id_asignatura, fecha_matricula, nota) VALUES (227, 23, 7, '2025-04-11', 9);
INSERT INTO matriculas (id, id_alumno, id_asignatura, fecha_matricula, nota) VALUES (228, 23, 8, '2025-03-13', 0);
INSERT INTO matriculas (id, id_alumno, id_asignatura, fecha_matricula, nota) VALUES (229, 23, 9, '2025-01-02', 0);
INSERT INTO matriculas (id, id_alumno, id_asignatura, fecha_matricula, nota) VALUES (230, 23, 10, '2025-03-06', 4);
INSERT INTO matriculas (id, id_alumno, id_asignatura, fecha_matricula, nota) VALUES (231, 24, 1, '2024-07-27', 2);
INSERT INTO matriculas (id, id_alumno, id_asignatura, fecha_matricula, nota) VALUES (232, 24, 2, '2024-12-09', 2);
INSERT INTO matriculas (id, id_alumno, id_asignatura, fecha_matricula, nota) VALUES (233, 24, 3, '2024-11-21', 9);
INSERT INTO matriculas (id, id_alumno, id_asignatura, fecha_matricula, nota) VALUES (234, 24, 4, '2024-08-30', 4);
INSERT INTO matriculas (id, id_alumno, id_asignatura, fecha_matricula, nota) VALUES (235, 24, 5, '2024-11-25', 5);
INSERT INTO matriculas (id, id_alumno, id_asignatura, fecha_matricula, nota) VALUES (236, 24, 6, '2024-08-10', 6);
INSERT INTO matriculas (id, id_alumno, id_asignatura, fecha_matricula, nota) VALUES (237, 24, 7, '2024-07-06', 8);
INSERT INTO matriculas (id, id_alumno, id_asignatura, fecha_matricula, nota) VALUES (238, 24, 8, '2024-07-16', 2);
INSERT INTO matriculas (id, id_alumno, id_asignatura, fecha_matricula, nota) VALUES (239, 24, 9, '2024-09-20', 4);
INSERT INTO matriculas (id, id_alumno, id_asignatura, fecha_matricula, nota) VALUES (240, 24, 10, '2024-06-01', 1);
INSERT INTO matriculas (id, id_alumno, id_asignatura, fecha_matricula, nota) VALUES (241, 25, 1, '2024-06-14', 7);
INSERT INTO matriculas (id, id_alumno, id_asignatura, fecha_matricula, nota) VALUES (242, 25, 2, '2024-08-24', 3);
INSERT INTO matriculas (id, id_alumno, id_asignatura, fecha_matricula, nota) VALUES (243, 25, 3, '2024-10-13', 0);
INSERT INTO matriculas (id, id_alumno, id_asignatura, fecha_matricula, nota) VALUES (244, 25, 4, '2025-04-11', 4);
INSERT INTO matriculas (id, id_alumno, id_asignatura, fecha_matricula, nota) VALUES (245, 25, 5, '2024-10-17', 2);
INSERT INTO matriculas (id, id_alumno, id_asignatura, fecha_matricula, nota) VALUES (246, 25, 6, '2024-11-19', 8);
INSERT INTO matriculas (id, id_alumno, id_asignatura, fecha_matricula, nota) VALUES (247, 25, 7, '2024-08-12', 1);
INSERT INTO matriculas (id, id_alumno, id_asignatura, fecha_matricula, nota) VALUES (248, 25, 8, '2024-11-27', 4);
INSERT INTO matriculas (id, id_alumno, id_asignatura, fecha_matricula, nota) VALUES (249, 25, 9, '2024-07-04', 6);
INSERT INTO matriculas (id, id_alumno, id_asignatura, fecha_matricula, nota) VALUES (250, 25, 10, '2024-06-18', 5);
INSERT INTO matriculas (id, id_alumno, id_asignatura, fecha_matricula, nota) VALUES (251, 26, 1, '2024-09-27', 4);
INSERT INTO matriculas (id, id_alumno, id_asignatura, fecha_matricula, nota) VALUES (252, 26, 2, '2024-10-07', 6);
INSERT INTO matriculas (id, id_alumno, id_asignatura, fecha_matricula, nota) VALUES (253, 26, 3, '2024-06-21', 1);
INSERT INTO matriculas (id, id_alumno, id_asignatura, fecha_matricula, nota) VALUES (254, 26, 4, '2025-03-20', 1);
INSERT INTO matriculas (id, id_alumno, id_asignatura, fecha_matricula, nota) VALUES (255, 26, 5, '2025-04-28', 8);
INSERT INTO matriculas (id, id_alumno, id_asignatura, fecha_matricula, nota) VALUES (256, 26, 6, '2024-07-17', 7);
INSERT INTO matriculas (id, id_alumno, id_asignatura, fecha_matricula, nota) VALUES (257, 26, 7, '2025-03-18', 7);
INSERT INTO matriculas (id, id_alumno, id_asignatura, fecha_matricula, nota) VALUES (258, 26, 8, '2024-05-25', 5);
INSERT INTO matriculas (id, id_alumno, id_asignatura, fecha_matricula, nota) VALUES (259, 26, 9, '2024-10-11', 5);
INSERT INTO matriculas (id, id_alumno, id_asignatura, fecha_matricula, nota) VALUES (260, 26, 10, '2025-05-06', 1);
INSERT INTO matriculas (id, id_alumno, id_asignatura, fecha_matricula, nota) VALUES (261, 27, 1, '2024-12-09', 7);
INSERT INTO matriculas (id, id_alumno, id_asignatura, fecha_matricula, nota) VALUES (262, 27, 2, '2024-05-18', 1);
INSERT INTO matriculas (id, id_alumno, id_asignatura, fecha_matricula, nota) VALUES (263, 27, 3, '2024-12-11', 7);
INSERT INTO matriculas (id, id_alumno, id_asignatura, fecha_matricula, nota) VALUES (264, 27, 4, '2024-08-19', 6);
INSERT INTO matriculas (id, id_alumno, id_asignatura, fecha_matricula, nota) VALUES (265, 27, 5, '2025-05-02', 0);
INSERT INTO matriculas (id, id_alumno, id_asignatura, fecha_matricula, nota) VALUES (266, 27, 6, '2025-01-17', 4);
INSERT INTO matriculas (id, id_alumno, id_asignatura, fecha_matricula, nota) VALUES (267, 27, 7, '2025-02-19', 5);
INSERT INTO matriculas (id, id_alumno, id_asignatura, fecha_matricula, nota) VALUES (268, 27, 8, '2024-12-14', 10);
INSERT INTO matriculas (id, id_alumno, id_asignatura, fecha_matricula, nota) VALUES (269, 27, 9, '2025-02-14', 2);
INSERT INTO matriculas (id, id_alumno, id_asignatura, fecha_matricula, nota) VALUES (270, 27, 10, '2025-05-05', 2);
INSERT INTO matriculas (id, id_alumno, id_asignatura, fecha_matricula, nota) VALUES (271, 28, 1, '2024-09-05', 10);
INSERT INTO matriculas (id, id_alumno, id_asignatura, fecha_matricula, nota) VALUES (272, 28, 2, '2024-08-05', 9);
INSERT INTO matriculas (id, id_alumno, id_asignatura, fecha_matricula, nota) VALUES (273, 28, 3, '2025-02-22', 6);
INSERT INTO matriculas (id, id_alumno, id_asignatura, fecha_matricula, nota) VALUES (274, 28, 4, '2024-05-12', 10);
INSERT INTO matriculas (id, id_alumno, id_asignatura, fecha_matricula, nota) VALUES (275, 28, 5, '2024-05-27', 1);
INSERT INTO matriculas (id, id_alumno, id_asignatura, fecha_matricula, nota) VALUES (276, 28, 6, '2025-05-05', 1);
INSERT INTO matriculas (id, id_alumno, id_asignatura, fecha_matricula, nota) VALUES (277, 28, 7, '2024-05-18', 1);
INSERT INTO matriculas (id, id_alumno, id_asignatura, fecha_matricula, nota) VALUES (278, 28, 8, '2024-05-14', 3);
INSERT INTO matriculas (id, id_alumno, id_asignatura, fecha_matricula, nota) VALUES (279, 28, 9, '2024-08-04', 3);
INSERT INTO matriculas (id, id_alumno, id_asignatura, fecha_matricula, nota) VALUES (280, 28, 10, '2025-03-10', 0);
INSERT INTO matriculas (id, id_alumno, id_asignatura, fecha_matricula, nota) VALUES (281, 29, 1, '2025-03-23', 6);
INSERT INTO matriculas (id, id_alumno, id_asignatura, fecha_matricula, nota) VALUES (282, 29, 2, '2024-09-10', 0);
INSERT INTO matriculas (id, id_alumno, id_asignatura, fecha_matricula, nota) VALUES (283, 29, 3, '2024-06-18', 1);
INSERT INTO matriculas (id, id_alumno, id_asignatura, fecha_matricula, nota) VALUES (284, 29, 4, '2025-01-05', 6);
INSERT INTO matriculas (id, id_alumno, id_asignatura, fecha_matricula, nota) VALUES (285, 29, 5, '2025-02-15', 8);
INSERT INTO matriculas (id, id_alumno, id_asignatura, fecha_matricula, nota) VALUES (286, 29, 6, '2025-03-18', 8);
INSERT INTO matriculas (id, id_alumno, id_asignatura, fecha_matricula, nota) VALUES (287, 29, 7, '2025-01-13', 4);
INSERT INTO matriculas (id, id_alumno, id_asignatura, fecha_matricula, nota) VALUES (288, 29, 8, '2025-02-01', 7);
INSERT INTO matriculas (id, id_alumno, id_asignatura, fecha_matricula, nota) VALUES (289, 29, 9, '2024-06-10', 7);
INSERT INTO matriculas (id, id_alumno, id_asignatura, fecha_matricula, nota) VALUES (290, 29, 10, '2024-08-24', 9);
INSERT INTO matriculas (id, id_alumno, id_asignatura, fecha_matricula, nota) VALUES (291, 30, 1, '2024-08-13', 10);
INSERT INTO matriculas (id, id_alumno, id_asignatura, fecha_matricula, nota) VALUES (292, 30, 2, '2024-11-03', 3);
INSERT INTO matriculas (id, id_alumno, id_asignatura, fecha_matricula, nota) VALUES (293, 30, 3, '2024-05-28', 6);
INSERT INTO matriculas (id, id_alumno, id_asignatura, fecha_matricula, nota) VALUES (294, 30, 4, '2025-02-25', 1);
INSERT INTO matriculas (id, id_alumno, id_asignatura, fecha_matricula, nota) VALUES (295, 30, 5, '2024-06-16', 5);
INSERT INTO matriculas (id, id_alumno, id_asignatura, fecha_matricula, nota) VALUES (296, 30, 6, '2024-10-17', 3);
INSERT INTO matriculas (id, id_alumno, id_asignatura, fecha_matricula, nota) VALUES (297, 30, 7, '2024-08-04', 4);
INSERT INTO matriculas (id, id_alumno, id_asignatura, fecha_matricula, nota) VALUES (298, 30, 8, '2024-08-16', 9);
INSERT INTO matriculas (id, id_alumno, id_asignatura, fecha_matricula, nota) VALUES (299, 30, 9, '2024-08-19', 2);
INSERT INTO matriculas (id, id_alumno, id_asignatura, fecha_matricula, nota) VALUES (300, 30, 10, '2025-04-21', 6);
INSERT INTO matriculas (id, id_alumno, id_asignatura, fecha_matricula, nota) VALUES (301, 31, 11, '2025-03-01', 3);
INSERT INTO matriculas (id, id_alumno, id_asignatura, fecha_matricula, nota) VALUES (302, 31, 12, '2024-12-21', 5);
INSERT INTO matriculas (id, id_alumno, id_asignatura, fecha_matricula, nota) VALUES (303, 31, 13, '2024-12-25', 1);
INSERT INTO matriculas (id, id_alumno, id_asignatura, fecha_matricula, nota) VALUES (304, 31, 14, '2025-02-13', 1);
INSERT INTO matriculas (id, id_alumno, id_asignatura, fecha_matricula, nota) VALUES (305, 31, 15, '2025-01-25', 0);
INSERT INTO matriculas (id, id_alumno, id_asignatura, fecha_matricula, nota) VALUES (306, 31, 16, '2025-02-18', 8);
INSERT INTO matriculas (id, id_alumno, id_asignatura, fecha_matricula, nota) VALUES (307, 31, 17, '2024-06-17', 7);
INSERT INTO matriculas (id, id_alumno, id_asignatura, fecha_matricula, nota) VALUES (308, 31, 18, '2025-04-17', 10);
INSERT INTO matriculas (id, id_alumno, id_asignatura, fecha_matricula, nota) VALUES (309, 31, 19, '2024-06-27', 3);
INSERT INTO matriculas (id, id_alumno, id_asignatura, fecha_matricula, nota) VALUES (310, 31, 20, '2024-12-03', 1);
INSERT INTO matriculas (id, id_alumno, id_asignatura, fecha_matricula, nota) VALUES (311, 32, 11, '2024-06-20', 7);
INSERT INTO matriculas (id, id_alumno, id_asignatura, fecha_matricula, nota) VALUES (312, 32, 12, '2024-09-26', 6);
INSERT INTO matriculas (id, id_alumno, id_asignatura, fecha_matricula, nota) VALUES (313, 32, 13, '2024-09-23', 4);
INSERT INTO matriculas (id, id_alumno, id_asignatura, fecha_matricula, nota) VALUES (314, 32, 14, '2025-04-28', 3);
INSERT INTO matriculas (id, id_alumno, id_asignatura, fecha_matricula, nota) VALUES (315, 32, 15, '2025-03-08', 10);
INSERT INTO matriculas (id, id_alumno, id_asignatura, fecha_matricula, nota) VALUES (316, 32, 16, '2024-08-17', 0);
INSERT INTO matriculas (id, id_alumno, id_asignatura, fecha_matricula, nota) VALUES (317, 32, 17, '2025-04-27', 3);
INSERT INTO matriculas (id, id_alumno, id_asignatura, fecha_matricula, nota) VALUES (318, 32, 18, '2024-09-24', 9);
INSERT INTO matriculas (id, id_alumno, id_asignatura, fecha_matricula, nota) VALUES (319, 32, 19, '2024-05-26', 2);
INSERT INTO matriculas (id, id_alumno, id_asignatura, fecha_matricula, nota) VALUES (320, 32, 20, '2024-05-30', 1);
INSERT INTO matriculas (id, id_alumno, id_asignatura, fecha_matricula, nota) VALUES (321, 33, 11, '2024-10-11', 3);
INSERT INTO matriculas (id, id_alumno, id_asignatura, fecha_matricula, nota) VALUES (322, 33, 12, '2024-08-27', 7);
INSERT INTO matriculas (id, id_alumno, id_asignatura, fecha_matricula, nota) VALUES (323, 33, 13, '2025-05-06', 6);
INSERT INTO matriculas (id, id_alumno, id_asignatura, fecha_matricula, nota) VALUES (324, 33, 14, '2025-03-12', 5);
INSERT INTO matriculas (id, id_alumno, id_asignatura, fecha_matricula, nota) VALUES (325, 33, 15, '2024-09-23', 8);
INSERT INTO matriculas (id, id_alumno, id_asignatura, fecha_matricula, nota) VALUES (326, 33, 16, '2024-08-22', 2);
INSERT INTO matriculas (id, id_alumno, id_asignatura, fecha_matricula, nota) VALUES (327, 33, 17, '2025-04-07', 1);
INSERT INTO matriculas (id, id_alumno, id_asignatura, fecha_matricula, nota) VALUES (328, 33, 18, '2025-04-19', 9);
INSERT INTO matriculas (id, id_alumno, id_asignatura, fecha_matricula, nota) VALUES (329, 33, 19, '2024-05-08', 7);
INSERT INTO matriculas (id, id_alumno, id_asignatura, fecha_matricula, nota) VALUES (330, 33, 20, '2024-06-28', 2);
INSERT INTO matriculas (id, id_alumno, id_asignatura, fecha_matricula, nota) VALUES (331, 34, 11, '2024-11-12', 9);
INSERT INTO matriculas (id, id_alumno, id_asignatura, fecha_matricula, nota) VALUES (332, 34, 12, '2024-09-13', 6);
INSERT INTO matriculas (id, id_alumno, id_asignatura, fecha_matricula, nota) VALUES (333, 34, 13, '2024-07-30', 10);
INSERT INTO matriculas (id, id_alumno, id_asignatura, fecha_matricula, nota) VALUES (334, 34, 14, '2024-07-24', 10);
INSERT INTO matriculas (id, id_alumno, id_asignatura, fecha_matricula, nota) VALUES (335, 34, 15, '2024-06-04', 6);
INSERT INTO matriculas (id, id_alumno, id_asignatura, fecha_matricula, nota) VALUES (336, 34, 16, '2024-10-17', 8);
INSERT INTO matriculas (id, id_alumno, id_asignatura, fecha_matricula, nota) VALUES (337, 34, 17, '2024-09-17', 7);
INSERT INTO matriculas (id, id_alumno, id_asignatura, fecha_matricula, nota) VALUES (338, 34, 18, '2024-11-29', 10);
INSERT INTO matriculas (id, id_alumno, id_asignatura, fecha_matricula, nota) VALUES (339, 34, 19, '2025-01-17', 5);
INSERT INTO matriculas (id, id_alumno, id_asignatura, fecha_matricula, nota) VALUES (340, 34, 20, '2024-06-03', 7);
INSERT INTO matriculas (id, id_alumno, id_asignatura, fecha_matricula, nota) VALUES (341, 35, 11, '2024-07-07', 7);
INSERT INTO matriculas (id, id_alumno, id_asignatura, fecha_matricula, nota) VALUES (342, 35, 12, '2024-07-13', 10);
INSERT INTO matriculas (id, id_alumno, id_asignatura, fecha_matricula, nota) VALUES (343, 35, 13, '2025-01-08', 10);
INSERT INTO matriculas (id, id_alumno, id_asignatura, fecha_matricula, nota) VALUES (344, 35, 14, '2025-01-01', 3);
INSERT INTO matriculas (id, id_alumno, id_asignatura, fecha_matricula, nota) VALUES (345, 35, 15, '2024-08-04', 8);
INSERT INTO matriculas (id, id_alumno, id_asignatura, fecha_matricula, nota) VALUES (346, 35, 16, '2025-03-28', 9);
INSERT INTO matriculas (id, id_alumno, id_asignatura, fecha_matricula, nota) VALUES (347, 35, 17, '2024-12-06', 3);
INSERT INTO matriculas (id, id_alumno, id_asignatura, fecha_matricula, nota) VALUES (348, 35, 18, '2024-06-09', 0);
INSERT INTO matriculas (id, id_alumno, id_asignatura, fecha_matricula, nota) VALUES (349, 35, 19, '2024-08-25', 5);
INSERT INTO matriculas (id, id_alumno, id_asignatura, fecha_matricula, nota) VALUES (350, 35, 20, '2025-02-04', 5);
INSERT INTO matriculas (id, id_alumno, id_asignatura, fecha_matricula, nota) VALUES (351, 36, 11, '2024-11-16', 5);
INSERT INTO matriculas (id, id_alumno, id_asignatura, fecha_matricula, nota) VALUES (352, 36, 12, '2025-02-25', 0);
INSERT INTO matriculas (id, id_alumno, id_asignatura, fecha_matricula, nota) VALUES (353, 36, 13, '2025-03-02', 8);
INSERT INTO matriculas (id, id_alumno, id_asignatura, fecha_matricula, nota) VALUES (354, 36, 14, '2024-09-30', 2);
INSERT INTO matriculas (id, id_alumno, id_asignatura, fecha_matricula, nota) VALUES (355, 36, 15, '2024-05-28', 4);
INSERT INTO matriculas (id, id_alumno, id_asignatura, fecha_matricula, nota) VALUES (356, 36, 16, '2025-01-04', 9);
INSERT INTO matriculas (id, id_alumno, id_asignatura, fecha_matricula, nota) VALUES (357, 36, 17, '2024-09-21', 2);
INSERT INTO matriculas (id, id_alumno, id_asignatura, fecha_matricula, nota) VALUES (358, 36, 18, '2024-07-28', 6);
INSERT INTO matriculas (id, id_alumno, id_asignatura, fecha_matricula, nota) VALUES (359, 36, 19, '2024-11-01', 9);
INSERT INTO matriculas (id, id_alumno, id_asignatura, fecha_matricula, nota) VALUES (360, 36, 20, '2024-12-22', 4);
INSERT INTO matriculas (id, id_alumno, id_asignatura, fecha_matricula, nota) VALUES (361, 37, 11, '2024-12-11', 7);
INSERT INTO matriculas (id, id_alumno, id_asignatura, fecha_matricula, nota) VALUES (362, 37, 12, '2024-07-23', 1);
INSERT INTO matriculas (id, id_alumno, id_asignatura, fecha_matricula, nota) VALUES (363, 37, 13, '2024-11-03', 1);
INSERT INTO matriculas (id, id_alumno, id_asignatura, fecha_matricula, nota) VALUES (364, 37, 14, '2024-11-18', 8);
INSERT INTO matriculas (id, id_alumno, id_asignatura, fecha_matricula, nota) VALUES (365, 37, 15, '2024-06-14', 0);
INSERT INTO matriculas (id, id_alumno, id_asignatura, fecha_matricula, nota) VALUES (366, 37, 16, '2025-04-25', 1);
INSERT INTO matriculas (id, id_alumno, id_asignatura, fecha_matricula, nota) VALUES (367, 37, 17, '2024-10-24', 3);
INSERT INTO matriculas (id, id_alumno, id_asignatura, fecha_matricula, nota) VALUES (368, 37, 18, '2025-04-18', 2);
INSERT INTO matriculas (id, id_alumno, id_asignatura, fecha_matricula, nota) VALUES (369, 37, 19, '2024-07-21', 0);
INSERT INTO matriculas (id, id_alumno, id_asignatura, fecha_matricula, nota) VALUES (370, 37, 20, '2024-09-19', 4);
INSERT INTO matriculas (id, id_alumno, id_asignatura, fecha_matricula, nota) VALUES (371, 38, 11, '2025-04-08', 0);
INSERT INTO matriculas (id, id_alumno, id_asignatura, fecha_matricula, nota) VALUES (372, 38, 12, '2024-12-28', 7);
INSERT INTO matriculas (id, id_alumno, id_asignatura, fecha_matricula, nota) VALUES (373, 38, 13, '2024-09-04', 5);
INSERT INTO matriculas (id, id_alumno, id_asignatura, fecha_matricula, nota) VALUES (374, 38, 14, '2024-09-15', 2);
INSERT INTO matriculas (id, id_alumno, id_asignatura, fecha_matricula, nota) VALUES (375, 38, 15, '2025-02-09', 2);
INSERT INTO matriculas (id, id_alumno, id_asignatura, fecha_matricula, nota) VALUES (376, 38, 16, '2025-01-31', 10);
INSERT INTO matriculas (id, id_alumno, id_asignatura, fecha_matricula, nota) VALUES (377, 38, 17, '2025-03-24', 7);
INSERT INTO matriculas (id, id_alumno, id_asignatura, fecha_matricula, nota) VALUES (378, 38, 18, '2024-12-25', 5);
INSERT INTO matriculas (id, id_alumno, id_asignatura, fecha_matricula, nota) VALUES (379, 38, 19, '2025-01-01', 8);
INSERT INTO matriculas (id, id_alumno, id_asignatura, fecha_matricula, nota) VALUES (380, 38, 20, '2025-04-20', 6);
INSERT INTO matriculas (id, id_alumno, id_asignatura, fecha_matricula, nota) VALUES (381, 39, 11, '2025-04-09', 8);
INSERT INTO matriculas (id, id_alumno, id_asignatura, fecha_matricula, nota) VALUES (382, 39, 12, '2025-03-10', 8);
INSERT INTO matriculas (id, id_alumno, id_asignatura, fecha_matricula, nota) VALUES (383, 39, 13, '2024-05-15', 0);
INSERT INTO matriculas (id, id_alumno, id_asignatura, fecha_matricula, nota) VALUES (384, 39, 14, '2025-03-17', 9);
INSERT INTO matriculas (id, id_alumno, id_asignatura, fecha_matricula, nota) VALUES (385, 39, 15, '2025-04-19', 1);
INSERT INTO matriculas (id, id_alumno, id_asignatura, fecha_matricula, nota) VALUES (386, 39, 16, '2024-10-17', 10);
INSERT INTO matriculas (id, id_alumno, id_asignatura, fecha_matricula, nota) VALUES (387, 39, 17, '2025-02-22', 8);
INSERT INTO matriculas (id, id_alumno, id_asignatura, fecha_matricula, nota) VALUES (388, 39, 18, '2025-04-15', 9);
INSERT INTO matriculas (id, id_alumno, id_asignatura, fecha_matricula, nota) VALUES (389, 39, 19, '2025-01-12', 1);
INSERT INTO matriculas (id, id_alumno, id_asignatura, fecha_matricula, nota) VALUES (390, 39, 20, '2025-02-13', 6);
INSERT INTO matriculas (id, id_alumno, id_asignatura, fecha_matricula, nota) VALUES (391, 40, 11, '2024-06-16', 3);
INSERT INTO matriculas (id, id_alumno, id_asignatura, fecha_matricula, nota) VALUES (392, 40, 12, '2024-09-05', 4);
INSERT INTO matriculas (id, id_alumno, id_asignatura, fecha_matricula, nota) VALUES (393, 40, 13, '2024-10-04', 8);
INSERT INTO matriculas (id, id_alumno, id_asignatura, fecha_matricula, nota) VALUES (394, 40, 14, '2024-10-16', 9);
INSERT INTO matriculas (id, id_alumno, id_asignatura, fecha_matricula, nota) VALUES (395, 40, 15, '2024-09-28', 6);
INSERT INTO matriculas (id, id_alumno, id_asignatura, fecha_matricula, nota) VALUES (396, 40, 16, '2024-08-06', 7);
INSERT INTO matriculas (id, id_alumno, id_asignatura, fecha_matricula, nota) VALUES (397, 40, 17, '2024-06-26', 6);
INSERT INTO matriculas (id, id_alumno, id_asignatura, fecha_matricula, nota) VALUES (398, 40, 18, '2025-04-01', 9);
INSERT INTO matriculas (id, id_alumno, id_asignatura, fecha_matricula, nota) VALUES (399, 40, 19, '2025-04-16', 9);
INSERT INTO matriculas (id, id_alumno, id_asignatura, fecha_matricula, nota) VALUES (400, 40, 20, '2024-09-27', 3);
INSERT INTO matriculas (id, id_alumno, id_asignatura, fecha_matricula, nota) VALUES (401, 41, 11, '2025-05-04', 0);
INSERT INTO matriculas (id, id_alumno, id_asignatura, fecha_matricula, nota) VALUES (402, 41, 12, '2024-09-28', 10);
INSERT INTO matriculas (id, id_alumno, id_asignatura, fecha_matricula, nota) VALUES (403, 41, 13, '2024-10-03', 0);
INSERT INTO matriculas (id, id_alumno, id_asignatura, fecha_matricula, nota) VALUES (404, 41, 14, '2025-02-04', 2);
INSERT INTO matriculas (id, id_alumno, id_asignatura, fecha_matricula, nota) VALUES (405, 41, 15, '2024-12-09', 4);
INSERT INTO matriculas (id, id_alumno, id_asignatura, fecha_matricula, nota) VALUES (406, 41, 16, '2025-04-14', 8);
INSERT INTO matriculas (id, id_alumno, id_asignatura, fecha_matricula, nota) VALUES (407, 41, 17, '2024-08-23', 9);
INSERT INTO matriculas (id, id_alumno, id_asignatura, fecha_matricula, nota) VALUES (408, 41, 18, '2025-02-05', 4);
INSERT INTO matriculas (id, id_alumno, id_asignatura, fecha_matricula, nota) VALUES (409, 41, 19, '2025-03-20', 5);
INSERT INTO matriculas (id, id_alumno, id_asignatura, fecha_matricula, nota) VALUES (410, 41, 20, '2025-01-30', 1);
INSERT INTO matriculas (id, id_alumno, id_asignatura, fecha_matricula, nota) VALUES (411, 42, 11, '2025-01-20', 7);
INSERT INTO matriculas (id, id_alumno, id_asignatura, fecha_matricula, nota) VALUES (412, 42, 12, '2024-07-18', 4);
INSERT INTO matriculas (id, id_alumno, id_asignatura, fecha_matricula, nota) VALUES (413, 42, 13, '2025-03-09', 4);
INSERT INTO matriculas (id, id_alumno, id_asignatura, fecha_matricula, nota) VALUES (414, 42, 14, '2024-07-25', 6);
INSERT INTO matriculas (id, id_alumno, id_asignatura, fecha_matricula, nota) VALUES (415, 42, 15, '2024-06-01', 6);
INSERT INTO matriculas (id, id_alumno, id_asignatura, fecha_matricula, nota) VALUES (416, 42, 16, '2025-03-12', 6);
INSERT INTO matriculas (id, id_alumno, id_asignatura, fecha_matricula, nota) VALUES (417, 42, 17, '2024-09-29', 0);
INSERT INTO matriculas (id, id_alumno, id_asignatura, fecha_matricula, nota) VALUES (418, 42, 18, '2025-03-27', 2);
INSERT INTO matriculas (id, id_alumno, id_asignatura, fecha_matricula, nota) VALUES (419, 42, 19, '2024-07-25', 10);
INSERT INTO matriculas (id, id_alumno, id_asignatura, fecha_matricula, nota) VALUES (420, 42, 20, '2024-07-16', 2);
INSERT INTO matriculas (id, id_alumno, id_asignatura, fecha_matricula, nota) VALUES (421, 43, 11, '2024-07-20', 3);
INSERT INTO matriculas (id, id_alumno, id_asignatura, fecha_matricula, nota) VALUES (422, 43, 12, '2024-05-24', 4);
INSERT INTO matriculas (id, id_alumno, id_asignatura, fecha_matricula, nota) VALUES (423, 43, 13, '2024-09-13', 5);
INSERT INTO matriculas (id, id_alumno, id_asignatura, fecha_matricula, nota) VALUES (424, 43, 14, '2025-03-15', 0);
INSERT INTO matriculas (id, id_alumno, id_asignatura, fecha_matricula, nota) VALUES (425, 43, 15, '2025-04-02', 0);
INSERT INTO matriculas (id, id_alumno, id_asignatura, fecha_matricula, nota) VALUES (426, 43, 16, '2024-09-29', 7);
INSERT INTO matriculas (id, id_alumno, id_asignatura, fecha_matricula, nota) VALUES (427, 43, 17, '2025-01-13', 6);
INSERT INTO matriculas (id, id_alumno, id_asignatura, fecha_matricula, nota) VALUES (428, 43, 18, '2024-05-30', 2);
INSERT INTO matriculas (id, id_alumno, id_asignatura, fecha_matricula, nota) VALUES (429, 43, 19, '2025-04-22', 7);
INSERT INTO matriculas (id, id_alumno, id_asignatura, fecha_matricula, nota) VALUES (430, 43, 20, '2025-03-31', 9);
INSERT INTO matriculas (id, id_alumno, id_asignatura, fecha_matricula, nota) VALUES (431, 44, 11, '2024-06-15', 1);
INSERT INTO matriculas (id, id_alumno, id_asignatura, fecha_matricula, nota) VALUES (432, 44, 12, '2025-03-07', 10);
INSERT INTO matriculas (id, id_alumno, id_asignatura, fecha_matricula, nota) VALUES (433, 44, 13, '2024-12-26', 2);
INSERT INTO matriculas (id, id_alumno, id_asignatura, fecha_matricula, nota) VALUES (434, 44, 14, '2024-12-05', 5);
INSERT INTO matriculas (id, id_alumno, id_asignatura, fecha_matricula, nota) VALUES (435, 44, 15, '2025-01-01', 6);
INSERT INTO matriculas (id, id_alumno, id_asignatura, fecha_matricula, nota) VALUES (436, 44, 16, '2024-05-24', 0);
INSERT INTO matriculas (id, id_alumno, id_asignatura, fecha_matricula, nota) VALUES (437, 44, 17, '2024-09-24', 9);
INSERT INTO matriculas (id, id_alumno, id_asignatura, fecha_matricula, nota) VALUES (438, 44, 18, '2024-07-04', 7);
INSERT INTO matriculas (id, id_alumno, id_asignatura, fecha_matricula, nota) VALUES (439, 44, 19, '2024-07-08', 6);
INSERT INTO matriculas (id, id_alumno, id_asignatura, fecha_matricula, nota) VALUES (440, 44, 20, '2024-09-21', 7);
INSERT INTO matriculas (id, id_alumno, id_asignatura, fecha_matricula, nota) VALUES (441, 45, 11, '2024-11-01', 0);
INSERT INTO matriculas (id, id_alumno, id_asignatura, fecha_matricula, nota) VALUES (442, 45, 12, '2024-10-14', 1);
INSERT INTO matriculas (id, id_alumno, id_asignatura, fecha_matricula, nota) VALUES (443, 45, 13, '2024-09-14', 7);
INSERT INTO matriculas (id, id_alumno, id_asignatura, fecha_matricula, nota) VALUES (444, 45, 14, '2024-08-30', 2);
INSERT INTO matriculas (id, id_alumno, id_asignatura, fecha_matricula, nota) VALUES (445, 45, 15, '2025-05-03', 0);
INSERT INTO matriculas (id, id_alumno, id_asignatura, fecha_matricula, nota) VALUES (446, 45, 16, '2025-02-28', 0);
INSERT INTO matriculas (id, id_alumno, id_asignatura, fecha_matricula, nota) VALUES (447, 45, 17, '2024-08-26', 9);
INSERT INTO matriculas (id, id_alumno, id_asignatura, fecha_matricula, nota) VALUES (448, 45, 18, '2024-09-08', 9);
INSERT INTO matriculas (id, id_alumno, id_asignatura, fecha_matricula, nota) VALUES (449, 45, 19, '2024-10-19', 2);
INSERT INTO matriculas (id, id_alumno, id_asignatura, fecha_matricula, nota) VALUES (450, 45, 20, '2025-02-16', 10);
INSERT INTO matriculas (id, id_alumno, id_asignatura, fecha_matricula, nota) VALUES (451, 46, 11, '2024-07-11', 5);
INSERT INTO matriculas (id, id_alumno, id_asignatura, fecha_matricula, nota) VALUES (452, 46, 12, '2024-10-28', 1);
INSERT INTO matriculas (id, id_alumno, id_asignatura, fecha_matricula, nota) VALUES (453, 46, 13, '2025-01-24', 8);
INSERT INTO matriculas (id, id_alumno, id_asignatura, fecha_matricula, nota) VALUES (454, 46, 14, '2024-06-28', 10);
INSERT INTO matriculas (id, id_alumno, id_asignatura, fecha_matricula, nota) VALUES (455, 46, 15, '2025-01-18', 5);
INSERT INTO matriculas (id, id_alumno, id_asignatura, fecha_matricula, nota) VALUES (456, 46, 16, '2024-11-02', 3);
INSERT INTO matriculas (id, id_alumno, id_asignatura, fecha_matricula, nota) VALUES (457, 46, 17, '2024-06-29', 6);
INSERT INTO matriculas (id, id_alumno, id_asignatura, fecha_matricula, nota) VALUES (458, 46, 18, '2024-10-11', 7);
INSERT INTO matriculas (id, id_alumno, id_asignatura, fecha_matricula, nota) VALUES (459, 46, 19, '2024-12-01', 1);
INSERT INTO matriculas (id, id_alumno, id_asignatura, fecha_matricula, nota) VALUES (460, 46, 20, '2025-01-05', 0);
INSERT INTO matriculas (id, id_alumno, id_asignatura, fecha_matricula, nota) VALUES (461, 47, 11, '2024-09-19', 9);
INSERT INTO matriculas (id, id_alumno, id_asignatura, fecha_matricula, nota) VALUES (462, 47, 12, '2024-09-06', 7);
INSERT INTO matriculas (id, id_alumno, id_asignatura, fecha_matricula, nota) VALUES (463, 47, 13, '2024-06-22', 9);
INSERT INTO matriculas (id, id_alumno, id_asignatura, fecha_matricula, nota) VALUES (464, 47, 14, '2024-05-17', 10);
INSERT INTO matriculas (id, id_alumno, id_asignatura, fecha_matricula, nota) VALUES (465, 47, 15, '2025-05-02', 5);
INSERT INTO matriculas (id, id_alumno, id_asignatura, fecha_matricula, nota) VALUES (466, 47, 16, '2025-04-15', 10);
INSERT INTO matriculas (id, id_alumno, id_asignatura, fecha_matricula, nota) VALUES (467, 47, 17, '2025-02-03', 1);
INSERT INTO matriculas (id, id_alumno, id_asignatura, fecha_matricula, nota) VALUES (468, 47, 18, '2024-07-01', 10);
INSERT INTO matriculas (id, id_alumno, id_asignatura, fecha_matricula, nota) VALUES (469, 47, 19, '2025-01-31', 9);
INSERT INTO matriculas (id, id_alumno, id_asignatura, fecha_matricula, nota) VALUES (470, 47, 20, '2024-09-21', 4);
INSERT INTO matriculas (id, id_alumno, id_asignatura, fecha_matricula, nota) VALUES (471, 48, 11, '2024-09-09', 2);
INSERT INTO matriculas (id, id_alumno, id_asignatura, fecha_matricula, nota) VALUES (472, 48, 12, '2025-01-19', 6);
INSERT INTO matriculas (id, id_alumno, id_asignatura, fecha_matricula, nota) VALUES (473, 48, 13, '2024-07-24', 4);
INSERT INTO matriculas (id, id_alumno, id_asignatura, fecha_matricula, nota) VALUES (474, 48, 14, '2024-06-22', 10);
INSERT INTO matriculas (id, id_alumno, id_asignatura, fecha_matricula, nota) VALUES (475, 48, 15, '2025-02-06', 1);
INSERT INTO matriculas (id, id_alumno, id_asignatura, fecha_matricula, nota) VALUES (476, 48, 16, '2025-04-27', 8);
INSERT INTO matriculas (id, id_alumno, id_asignatura, fecha_matricula, nota) VALUES (477, 48, 17, '2024-08-26', 3);
INSERT INTO matriculas (id, id_alumno, id_asignatura, fecha_matricula, nota) VALUES (478, 48, 18, '2024-09-23', 0);
INSERT INTO matriculas (id, id_alumno, id_asignatura, fecha_matricula, nota) VALUES (479, 48, 19, '2024-12-30', 6);
INSERT INTO matriculas (id, id_alumno, id_asignatura, fecha_matricula, nota) VALUES (480, 48, 20, '2024-05-24', 7);
INSERT INTO matriculas (id, id_alumno, id_asignatura, fecha_matricula, nota) VALUES (481, 49, 11, '2024-06-11', 5);
INSERT INTO matriculas (id, id_alumno, id_asignatura, fecha_matricula, nota) VALUES (482, 49, 12, '2025-02-01', 3);
INSERT INTO matriculas (id, id_alumno, id_asignatura, fecha_matricula, nota) VALUES (483, 49, 13, '2024-10-23', 7);
INSERT INTO matriculas (id, id_alumno, id_asignatura, fecha_matricula, nota) VALUES (484, 49, 14, '2025-04-09', 5);
INSERT INTO matriculas (id, id_alumno, id_asignatura, fecha_matricula, nota) VALUES (485, 49, 15, '2025-01-07', 10);
INSERT INTO matriculas (id, id_alumno, id_asignatura, fecha_matricula, nota) VALUES (486, 49, 16, '2024-12-05', 1);
INSERT INTO matriculas (id, id_alumno, id_asignatura, fecha_matricula, nota) VALUES (487, 49, 17, '2025-04-10', 0);
INSERT INTO matriculas (id, id_alumno, id_asignatura, fecha_matricula, nota) VALUES (488, 49, 18, '2025-01-09', 0);
INSERT INTO matriculas (id, id_alumno, id_asignatura, fecha_matricula, nota) VALUES (489, 49, 19, '2024-12-29', 7);
INSERT INTO matriculas (id, id_alumno, id_asignatura, fecha_matricula, nota) VALUES (490, 49, 20, '2024-08-03', 4);
INSERT INTO matriculas (id, id_alumno, id_asignatura, fecha_matricula, nota) VALUES (491, 50, 11, '2024-05-12', 0);
INSERT INTO matriculas (id, id_alumno, id_asignatura, fecha_matricula, nota) VALUES (492, 50, 12, '2024-10-29', 8);
INSERT INTO matriculas (id, id_alumno, id_asignatura, fecha_matricula, nota) VALUES (493, 50, 13, '2024-11-06', 10);
INSERT INTO matriculas (id, id_alumno, id_asignatura, fecha_matricula, nota) VALUES (494, 50, 14, '2024-05-31', 9);
INSERT INTO matriculas (id, id_alumno, id_asignatura, fecha_matricula, nota) VALUES (495, 50, 15, '2024-08-06', 9);
INSERT INTO matriculas (id, id_alumno, id_asignatura, fecha_matricula, nota) VALUES (496, 50, 16, '2024-06-04', 3);
INSERT INTO matriculas (id, id_alumno, id_asignatura, fecha_matricula, nota) VALUES (497, 50, 17, '2024-07-24', 3);
INSERT INTO matriculas (id, id_alumno, id_asignatura, fecha_matricula, nota) VALUES (498, 50, 18, '2024-07-25', 1);
INSERT INTO matriculas (id, id_alumno, id_asignatura, fecha_matricula, nota) VALUES (499, 50, 19, '2025-04-26', 10);
INSERT INTO matriculas (id, id_alumno, id_asignatura, fecha_matricula, nota) VALUES (500, 50, 20, '2025-01-12', 8);
INSERT INTO matriculas (id, id_alumno, id_asignatura, fecha_matricula, nota) VALUES (501, 51, 11, '2025-03-10', 8);
INSERT INTO matriculas (id, id_alumno, id_asignatura, fecha_matricula, nota) VALUES (502, 51, 12, '2025-04-24', 6);
INSERT INTO matriculas (id, id_alumno, id_asignatura, fecha_matricula, nota) VALUES (503, 51, 13, '2024-12-24', 8);
INSERT INTO matriculas (id, id_alumno, id_asignatura, fecha_matricula, nota) VALUES (504, 51, 14, '2024-07-21', 4);
INSERT INTO matriculas (id, id_alumno, id_asignatura, fecha_matricula, nota) VALUES (505, 51, 15, '2024-09-21', 1);
INSERT INTO matriculas (id, id_alumno, id_asignatura, fecha_matricula, nota) VALUES (506, 51, 16, '2024-09-27', 2);
INSERT INTO matriculas (id, id_alumno, id_asignatura, fecha_matricula, nota) VALUES (507, 51, 17, '2024-05-08', 6);
INSERT INTO matriculas (id, id_alumno, id_asignatura, fecha_matricula, nota) VALUES (508, 51, 18, '2024-08-29', 9);
INSERT INTO matriculas (id, id_alumno, id_asignatura, fecha_matricula, nota) VALUES (509, 51, 19, '2025-01-30', 6);
INSERT INTO matriculas (id, id_alumno, id_asignatura, fecha_matricula, nota) VALUES (510, 51, 20, '2024-08-22', 1);
INSERT INTO matriculas (id, id_alumno, id_asignatura, fecha_matricula, nota) VALUES (511, 52, 11, '2025-04-01', 1);
INSERT INTO matriculas (id, id_alumno, id_asignatura, fecha_matricula, nota) VALUES (512, 52, 12, '2025-01-24', 6);
INSERT INTO matriculas (id, id_alumno, id_asignatura, fecha_matricula, nota) VALUES (513, 52, 13, '2024-05-09', 1);
INSERT INTO matriculas (id, id_alumno, id_asignatura, fecha_matricula, nota) VALUES (514, 52, 14, '2024-09-14', 1);
INSERT INTO matriculas (id, id_alumno, id_asignatura, fecha_matricula, nota) VALUES (515, 52, 15, '2024-12-31', 6);
INSERT INTO matriculas (id, id_alumno, id_asignatura, fecha_matricula, nota) VALUES (516, 52, 16, '2024-05-29', 2);
INSERT INTO matriculas (id, id_alumno, id_asignatura, fecha_matricula, nota) VALUES (517, 52, 17, '2024-09-16', 0);
INSERT INTO matriculas (id, id_alumno, id_asignatura, fecha_matricula, nota) VALUES (518, 52, 18, '2024-07-08', 7);
INSERT INTO matriculas (id, id_alumno, id_asignatura, fecha_matricula, nota) VALUES (519, 52, 19, '2024-10-12', 6);
INSERT INTO matriculas (id, id_alumno, id_asignatura, fecha_matricula, nota) VALUES (520, 52, 20, '2024-06-05', 10);
INSERT INTO matriculas (id, id_alumno, id_asignatura, fecha_matricula, nota) VALUES (521, 53, 11, '2025-02-14', 6);
INSERT INTO matriculas (id, id_alumno, id_asignatura, fecha_matricula, nota) VALUES (522, 53, 12, '2025-01-19', 0);
INSERT INTO matriculas (id, id_alumno, id_asignatura, fecha_matricula, nota) VALUES (523, 53, 13, '2024-10-21', 7);
INSERT INTO matriculas (id, id_alumno, id_asignatura, fecha_matricula, nota) VALUES (524, 53, 14, '2025-04-28', 5);
INSERT INTO matriculas (id, id_alumno, id_asignatura, fecha_matricula, nota) VALUES (525, 53, 15, '2024-12-05', 4);
INSERT INTO matriculas (id, id_alumno, id_asignatura, fecha_matricula, nota) VALUES (526, 53, 16, '2025-04-18', 1);
INSERT INTO matriculas (id, id_alumno, id_asignatura, fecha_matricula, nota) VALUES (527, 53, 17, '2025-01-30', 5);
INSERT INTO matriculas (id, id_alumno, id_asignatura, fecha_matricula, nota) VALUES (528, 53, 18, '2024-07-01', 1);
INSERT INTO matriculas (id, id_alumno, id_asignatura, fecha_matricula, nota) VALUES (529, 53, 19, '2025-01-17', 1);
INSERT INTO matriculas (id, id_alumno, id_asignatura, fecha_matricula, nota) VALUES (530, 53, 20, '2024-10-29', 5);
INSERT INTO matriculas (id, id_alumno, id_asignatura, fecha_matricula, nota) VALUES (531, 54, 11, '2024-11-06', 0);
INSERT INTO matriculas (id, id_alumno, id_asignatura, fecha_matricula, nota) VALUES (532, 54, 12, '2024-11-30', 5);
INSERT INTO matriculas (id, id_alumno, id_asignatura, fecha_matricula, nota) VALUES (533, 54, 13, '2025-01-21', 5);
INSERT INTO matriculas (id, id_alumno, id_asignatura, fecha_matricula, nota) VALUES (534, 54, 14, '2025-01-11', 2);
INSERT INTO matriculas (id, id_alumno, id_asignatura, fecha_matricula, nota) VALUES (535, 54, 15, '2024-09-05', 0);
INSERT INTO matriculas (id, id_alumno, id_asignatura, fecha_matricula, nota) VALUES (536, 54, 16, '2024-05-11', 3);
INSERT INTO matriculas (id, id_alumno, id_asignatura, fecha_matricula, nota) VALUES (537, 54, 17, '2024-09-28', 5);
INSERT INTO matriculas (id, id_alumno, id_asignatura, fecha_matricula, nota) VALUES (538, 54, 18, '2024-05-14', 1);
INSERT INTO matriculas (id, id_alumno, id_asignatura, fecha_matricula, nota) VALUES (539, 54, 19, '2024-06-06', 9);
INSERT INTO matriculas (id, id_alumno, id_asignatura, fecha_matricula, nota) VALUES (540, 54, 20, '2024-11-02', 2);
INSERT INTO matriculas (id, id_alumno, id_asignatura, fecha_matricula, nota) VALUES (541, 55, 11, '2024-11-10', 3);
INSERT INTO matriculas (id, id_alumno, id_asignatura, fecha_matricula, nota) VALUES (542, 55, 12, '2025-02-04', 0);
INSERT INTO matriculas (id, id_alumno, id_asignatura, fecha_matricula, nota) VALUES (543, 55, 13, '2024-05-08', 3);
INSERT INTO matriculas (id, id_alumno, id_asignatura, fecha_matricula, nota) VALUES (544, 55, 14, '2024-08-10', 10);
INSERT INTO matriculas (id, id_alumno, id_asignatura, fecha_matricula, nota) VALUES (545, 55, 15, '2024-11-26', 10);
INSERT INTO matriculas (id, id_alumno, id_asignatura, fecha_matricula, nota) VALUES (546, 55, 16, '2024-05-28', 1);
INSERT INTO matriculas (id, id_alumno, id_asignatura, fecha_matricula, nota) VALUES (547, 55, 17, '2025-01-22', 0);
INSERT INTO matriculas (id, id_alumno, id_asignatura, fecha_matricula, nota) VALUES (548, 55, 18, '2024-06-17', 4);
INSERT INTO matriculas (id, id_alumno, id_asignatura, fecha_matricula, nota) VALUES (549, 55, 19, '2025-04-28', 5);
INSERT INTO matriculas (id, id_alumno, id_asignatura, fecha_matricula, nota) VALUES (550, 55, 20, '2024-09-30', 0);
INSERT INTO matriculas (id, id_alumno, id_asignatura, fecha_matricula, nota) VALUES (551, 56, 11, '2024-06-13', 9);
INSERT INTO matriculas (id, id_alumno, id_asignatura, fecha_matricula, nota) VALUES (552, 56, 12, '2024-10-12', 3);
INSERT INTO matriculas (id, id_alumno, id_asignatura, fecha_matricula, nota) VALUES (553, 56, 13, '2024-06-24', 2);
INSERT INTO matriculas (id, id_alumno, id_asignatura, fecha_matricula, nota) VALUES (554, 56, 14, '2025-04-01', 2);
INSERT INTO matriculas (id, id_alumno, id_asignatura, fecha_matricula, nota) VALUES (555, 56, 15, '2024-11-07', 7);
INSERT INTO matriculas (id, id_alumno, id_asignatura, fecha_matricula, nota) VALUES (556, 56, 16, '2024-12-15', 1);
INSERT INTO matriculas (id, id_alumno, id_asignatura, fecha_matricula, nota) VALUES (557, 56, 17, '2024-12-12', 7);
INSERT INTO matriculas (id, id_alumno, id_asignatura, fecha_matricula, nota) VALUES (558, 56, 18, '2025-04-26', 5);
INSERT INTO matriculas (id, id_alumno, id_asignatura, fecha_matricula, nota) VALUES (559, 56, 19, '2024-09-01', 4);
INSERT INTO matriculas (id, id_alumno, id_asignatura, fecha_matricula, nota) VALUES (560, 56, 20, '2024-12-14', 2);
INSERT INTO matriculas (id, id_alumno, id_asignatura, fecha_matricula, nota) VALUES (561, 57, 11, '2024-10-03', 0);
INSERT INTO matriculas (id, id_alumno, id_asignatura, fecha_matricula, nota) VALUES (562, 57, 12, '2024-05-08', 3);
INSERT INTO matriculas (id, id_alumno, id_asignatura, fecha_matricula, nota) VALUES (563, 57, 13, '2025-04-08', 5);
INSERT INTO matriculas (id, id_alumno, id_asignatura, fecha_matricula, nota) VALUES (564, 57, 14, '2025-04-05', 5);
INSERT INTO matriculas (id, id_alumno, id_asignatura, fecha_matricula, nota) VALUES (565, 57, 15, '2024-11-28', 7);
INSERT INTO matriculas (id, id_alumno, id_asignatura, fecha_matricula, nota) VALUES (566, 57, 16, '2024-05-18', 4);
INSERT INTO matriculas (id, id_alumno, id_asignatura, fecha_matricula, nota) VALUES (567, 57, 17, '2024-12-14', 4);
INSERT INTO matriculas (id, id_alumno, id_asignatura, fecha_matricula, nota) VALUES (568, 57, 18, '2024-07-29', 8);
INSERT INTO matriculas (id, id_alumno, id_asignatura, fecha_matricula, nota) VALUES (569, 57, 19, '2025-05-01', 10);
INSERT INTO matriculas (id, id_alumno, id_asignatura, fecha_matricula, nota) VALUES (570, 57, 20, '2024-07-09', 5);
INSERT INTO matriculas (id, id_alumno, id_asignatura, fecha_matricula, nota) VALUES (571, 58, 11, '2024-12-23', 2);
INSERT INTO matriculas (id, id_alumno, id_asignatura, fecha_matricula, nota) VALUES (572, 58, 12, '2024-07-13', 9);
INSERT INTO matriculas (id, id_alumno, id_asignatura, fecha_matricula, nota) VALUES (573, 58, 13, '2024-11-01', 1);
INSERT INTO matriculas (id, id_alumno, id_asignatura, fecha_matricula, nota) VALUES (574, 58, 14, '2024-07-14', 1);
INSERT INTO matriculas (id, id_alumno, id_asignatura, fecha_matricula, nota) VALUES (575, 58, 15, '2024-10-28', 8);
INSERT INTO matriculas (id, id_alumno, id_asignatura, fecha_matricula, nota) VALUES (576, 58, 16, '2024-07-19', 9);
INSERT INTO matriculas (id, id_alumno, id_asignatura, fecha_matricula, nota) VALUES (577, 58, 17, '2024-05-10', 4);
INSERT INTO matriculas (id, id_alumno, id_asignatura, fecha_matricula, nota) VALUES (578, 58, 18, '2024-11-18', 2);
INSERT INTO matriculas (id, id_alumno, id_asignatura, fecha_matricula, nota) VALUES (579, 58, 19, '2025-02-27', 6);
INSERT INTO matriculas (id, id_alumno, id_asignatura, fecha_matricula, nota) VALUES (580, 58, 20, '2024-05-23', 2);
INSERT INTO matriculas (id, id_alumno, id_asignatura, fecha_matricula, nota) VALUES (581, 59, 11, '2025-05-02', 2);
INSERT INTO matriculas (id, id_alumno, id_asignatura, fecha_matricula, nota) VALUES (582, 59, 12, '2024-11-19', 3);
INSERT INTO matriculas (id, id_alumno, id_asignatura, fecha_matricula, nota) VALUES (583, 59, 13, '2024-11-04', 5);
INSERT INTO matriculas (id, id_alumno, id_asignatura, fecha_matricula, nota) VALUES (584, 59, 14, '2025-04-13', 8);
INSERT INTO matriculas (id, id_alumno, id_asignatura, fecha_matricula, nota) VALUES (585, 59, 15, '2024-11-10', 3);
INSERT INTO matriculas (id, id_alumno, id_asignatura, fecha_matricula, nota) VALUES (586, 59, 16, '2024-10-03', 3);
INSERT INTO matriculas (id, id_alumno, id_asignatura, fecha_matricula, nota) VALUES (587, 59, 17, '2024-08-18', 2);
INSERT INTO matriculas (id, id_alumno, id_asignatura, fecha_matricula, nota) VALUES (588, 59, 18, '2025-03-27', 4);
INSERT INTO matriculas (id, id_alumno, id_asignatura, fecha_matricula, nota) VALUES (589, 59, 19, '2025-01-15', 5);
INSERT INTO matriculas (id, id_alumno, id_asignatura, fecha_matricula, nota) VALUES (590, 59, 20, '2025-02-21', 6);
INSERT INTO matriculas (id, id_alumno, id_asignatura, fecha_matricula, nota) VALUES (591, 60, 11, '2025-04-25', 10);
INSERT INTO matriculas (id, id_alumno, id_asignatura, fecha_matricula, nota) VALUES (592, 60, 12, '2025-03-17', 0);
INSERT INTO matriculas (id, id_alumno, id_asignatura, fecha_matricula, nota) VALUES (593, 60, 13, '2024-10-29', 2);
INSERT INTO matriculas (id, id_alumno, id_asignatura, fecha_matricula, nota) VALUES (594, 60, 14, '2024-09-14', 9);
INSERT INTO matriculas (id, id_alumno, id_asignatura, fecha_matricula, nota) VALUES (595, 60, 15, '2024-12-30', 0);
INSERT INTO matriculas (id, id_alumno, id_asignatura, fecha_matricula, nota) VALUES (596, 60, 16, '2024-12-28', 6);
INSERT INTO matriculas (id, id_alumno, id_asignatura, fecha_matricula, nota) VALUES (597, 60, 17, '2024-12-03', 1);
INSERT INTO matriculas (id, id_alumno, id_asignatura, fecha_matricula, nota) VALUES (598, 60, 18, '2025-01-14', 1);
INSERT INTO matriculas (id, id_alumno, id_asignatura, fecha_matricula, nota) VALUES (599, 60, 19, '2025-01-06', 2);
INSERT INTO matriculas (id, id_alumno, id_asignatura, fecha_matricula, nota) VALUES (600, 60, 20, '2024-06-13', 6);
INSERT INTO matriculas (id, id_alumno, id_asignatura, fecha_matricula, nota) VALUES (601, 61, 11, '2025-02-25', 4);
INSERT INTO matriculas (id, id_alumno, id_asignatura, fecha_matricula, nota) VALUES (602, 61, 12, '2024-07-11', 8);
INSERT INTO matriculas (id, id_alumno, id_asignatura, fecha_matricula, nota) VALUES (603, 61, 13, '2024-12-15', 6);
INSERT INTO matriculas (id, id_alumno, id_asignatura, fecha_matricula, nota) VALUES (604, 61, 14, '2025-01-21', 2);
INSERT INTO matriculas (id, id_alumno, id_asignatura, fecha_matricula, nota) VALUES (605, 61, 15, '2025-01-14', 9);
INSERT INTO matriculas (id, id_alumno, id_asignatura, fecha_matricula, nota) VALUES (606, 61, 16, '2025-02-09', 6);
INSERT INTO matriculas (id, id_alumno, id_asignatura, fecha_matricula, nota) VALUES (607, 61, 17, '2025-01-15', 4);
INSERT INTO matriculas (id, id_alumno, id_asignatura, fecha_matricula, nota) VALUES (608, 61, 18, '2024-05-21', 10);
INSERT INTO matriculas (id, id_alumno, id_asignatura, fecha_matricula, nota) VALUES (609, 61, 19, '2024-10-26', 5);
INSERT INTO matriculas (id, id_alumno, id_asignatura, fecha_matricula, nota) VALUES (610, 61, 20, '2024-11-10', 1);
INSERT INTO matriculas (id, id_alumno, id_asignatura, fecha_matricula, nota) VALUES (611, 62, 11, '2025-04-12', 3);
INSERT INTO matriculas (id, id_alumno, id_asignatura, fecha_matricula, nota) VALUES (612, 62, 12, '2024-11-08', 7);
INSERT INTO matriculas (id, id_alumno, id_asignatura, fecha_matricula, nota) VALUES (613, 62, 13, '2024-08-17', 10);
INSERT INTO matriculas (id, id_alumno, id_asignatura, fecha_matricula, nota) VALUES (614, 62, 14, '2024-10-17', 5);
INSERT INTO matriculas (id, id_alumno, id_asignatura, fecha_matricula, nota) VALUES (615, 62, 15, '2024-08-01', 10);
INSERT INTO matriculas (id, id_alumno, id_asignatura, fecha_matricula, nota) VALUES (616, 62, 16, '2025-02-26', 8);
INSERT INTO matriculas (id, id_alumno, id_asignatura, fecha_matricula, nota) VALUES (617, 62, 17, '2025-03-10', 0);
INSERT INTO matriculas (id, id_alumno, id_asignatura, fecha_matricula, nota) VALUES (618, 62, 18, '2024-05-24', 6);
INSERT INTO matriculas (id, id_alumno, id_asignatura, fecha_matricula, nota) VALUES (619, 62, 19, '2024-05-18', 6);
INSERT INTO matriculas (id, id_alumno, id_asignatura, fecha_matricula, nota) VALUES (620, 62, 20, '2025-02-14', 0);
INSERT INTO matriculas (id, id_alumno, id_asignatura, fecha_matricula, nota) VALUES (621, 63, 11, '2025-05-02', 6);
INSERT INTO matriculas (id, id_alumno, id_asignatura, fecha_matricula, nota) VALUES (622, 63, 12, '2025-02-15', 5);
INSERT INTO matriculas (id, id_alumno, id_asignatura, fecha_matricula, nota) VALUES (623, 63, 13, '2024-09-10', 7);
INSERT INTO matriculas (id, id_alumno, id_asignatura, fecha_matricula, nota) VALUES (624, 63, 14, '2024-10-01', 3);
INSERT INTO matriculas (id, id_alumno, id_asignatura, fecha_matricula, nota) VALUES (625, 63, 15, '2024-11-10', 5);
INSERT INTO matriculas (id, id_alumno, id_asignatura, fecha_matricula, nota) VALUES (626, 63, 16, '2024-08-05', 4);
INSERT INTO matriculas (id, id_alumno, id_asignatura, fecha_matricula, nota) VALUES (627, 63, 17, '2024-12-27', 7);
INSERT INTO matriculas (id, id_alumno, id_asignatura, fecha_matricula, nota) VALUES (628, 63, 18, '2024-12-20', 1);
INSERT INTO matriculas (id, id_alumno, id_asignatura, fecha_matricula, nota) VALUES (629, 63, 19, '2024-05-14', 2);
INSERT INTO matriculas (id, id_alumno, id_asignatura, fecha_matricula, nota) VALUES (630, 63, 20, '2024-11-29', 1);
INSERT INTO matriculas (id, id_alumno, id_asignatura, fecha_matricula, nota) VALUES (631, 64, 11, '2025-01-04', 4);
INSERT INTO matriculas (id, id_alumno, id_asignatura, fecha_matricula, nota) VALUES (632, 64, 12, '2024-07-22', 1);
INSERT INTO matriculas (id, id_alumno, id_asignatura, fecha_matricula, nota) VALUES (633, 64, 13, '2024-12-12', 8);
INSERT INTO matriculas (id, id_alumno, id_asignatura, fecha_matricula, nota) VALUES (634, 64, 14, '2025-03-04', 9);
INSERT INTO matriculas (id, id_alumno, id_asignatura, fecha_matricula, nota) VALUES (635, 64, 15, '2024-09-13', 2);
INSERT INTO matriculas (id, id_alumno, id_asignatura, fecha_matricula, nota) VALUES (636, 64, 16, '2025-04-11', 7);
INSERT INTO matriculas (id, id_alumno, id_asignatura, fecha_matricula, nota) VALUES (637, 64, 17, '2024-07-20', 6);
INSERT INTO matriculas (id, id_alumno, id_asignatura, fecha_matricula, nota) VALUES (638, 64, 18, '2025-01-29', 2);
INSERT INTO matriculas (id, id_alumno, id_asignatura, fecha_matricula, nota) VALUES (639, 64, 19, '2024-07-05', 6);
INSERT INTO matriculas (id, id_alumno, id_asignatura, fecha_matricula, nota) VALUES (640, 64, 20, '2025-03-07', 6);
INSERT INTO matriculas (id, id_alumno, id_asignatura, fecha_matricula, nota) VALUES (641, 65, 11, '2024-08-28', 2);
INSERT INTO matriculas (id, id_alumno, id_asignatura, fecha_matricula, nota) VALUES (642, 65, 12, '2024-11-29', 3);
INSERT INTO matriculas (id, id_alumno, id_asignatura, fecha_matricula, nota) VALUES (643, 65, 13, '2024-11-30', 7);
INSERT INTO matriculas (id, id_alumno, id_asignatura, fecha_matricula, nota) VALUES (644, 65, 14, '2025-02-02', 5);
INSERT INTO matriculas (id, id_alumno, id_asignatura, fecha_matricula, nota) VALUES (645, 65, 15, '2024-07-15', 8);
INSERT INTO matriculas (id, id_alumno, id_asignatura, fecha_matricula, nota) VALUES (646, 65, 16, '2024-10-22', 2);
INSERT INTO matriculas (id, id_alumno, id_asignatura, fecha_matricula, nota) VALUES (647, 65, 17, '2025-04-09', 5);
INSERT INTO matriculas (id, id_alumno, id_asignatura, fecha_matricula, nota) VALUES (648, 65, 18, '2025-04-28', 7);
INSERT INTO matriculas (id, id_alumno, id_asignatura, fecha_matricula, nota) VALUES (649, 65, 19, '2025-01-02', 10);
INSERT INTO matriculas (id, id_alumno, id_asignatura, fecha_matricula, nota) VALUES (650, 65, 20, '2025-04-26', 10);
INSERT INTO matriculas (id, id_alumno, id_asignatura, fecha_matricula, nota) VALUES (651, 66, 21, '2024-06-16', 1);
INSERT INTO matriculas (id, id_alumno, id_asignatura, fecha_matricula, nota) VALUES (652, 66, 22, '2025-02-02', 7);
INSERT INTO matriculas (id, id_alumno, id_asignatura, fecha_matricula, nota) VALUES (653, 66, 23, '2024-08-13', 3);
INSERT INTO matriculas (id, id_alumno, id_asignatura, fecha_matricula, nota) VALUES (654, 66, 24, '2024-10-01', 4);
INSERT INTO matriculas (id, id_alumno, id_asignatura, fecha_matricula, nota) VALUES (655, 66, 25, '2024-07-29', 0);
INSERT INTO matriculas (id, id_alumno, id_asignatura, fecha_matricula, nota) VALUES (656, 66, 26, '2024-05-30', 7);
INSERT INTO matriculas (id, id_alumno, id_asignatura, fecha_matricula, nota) VALUES (657, 66, 27, '2024-12-31', 9);
INSERT INTO matriculas (id, id_alumno, id_asignatura, fecha_matricula, nota) VALUES (658, 66, 28, '2025-05-03', 7);
INSERT INTO matriculas (id, id_alumno, id_asignatura, fecha_matricula, nota) VALUES (659, 66, 29, '2024-09-26', 0);
INSERT INTO matriculas (id, id_alumno, id_asignatura, fecha_matricula, nota) VALUES (660, 67, 21, '2025-03-20', 3);
INSERT INTO matriculas (id, id_alumno, id_asignatura, fecha_matricula, nota) VALUES (661, 67, 22, '2024-10-07', 4);
INSERT INTO matriculas (id, id_alumno, id_asignatura, fecha_matricula, nota) VALUES (662, 67, 23, '2024-07-02', 1);
INSERT INTO matriculas (id, id_alumno, id_asignatura, fecha_matricula, nota) VALUES (663, 67, 24, '2025-03-01', 10);
INSERT INTO matriculas (id, id_alumno, id_asignatura, fecha_matricula, nota) VALUES (664, 67, 25, '2025-03-15', 4);
INSERT INTO matriculas (id, id_alumno, id_asignatura, fecha_matricula, nota) VALUES (665, 67, 26, '2025-01-23', 8);
INSERT INTO matriculas (id, id_alumno, id_asignatura, fecha_matricula, nota) VALUES (666, 67, 27, '2025-04-02', 9);
INSERT INTO matriculas (id, id_alumno, id_asignatura, fecha_matricula, nota) VALUES (667, 67, 28, '2024-10-12', 2);
INSERT INTO matriculas (id, id_alumno, id_asignatura, fecha_matricula, nota) VALUES (668, 67, 29, '2025-03-15', 6);
INSERT INTO matriculas (id, id_alumno, id_asignatura, fecha_matricula, nota) VALUES (669, 68, 21, '2024-11-29', 7);
INSERT INTO matriculas (id, id_alumno, id_asignatura, fecha_matricula, nota) VALUES (670, 68, 22, '2024-11-12', 1);
INSERT INTO matriculas (id, id_alumno, id_asignatura, fecha_matricula, nota) VALUES (671, 68, 23, '2025-04-14', 10);
INSERT INTO matriculas (id, id_alumno, id_asignatura, fecha_matricula, nota) VALUES (672, 68, 24, '2024-06-15', 7);
INSERT INTO matriculas (id, id_alumno, id_asignatura, fecha_matricula, nota) VALUES (673, 68, 25, '2024-08-16', 3);
INSERT INTO matriculas (id, id_alumno, id_asignatura, fecha_matricula, nota) VALUES (674, 68, 26, '2024-10-16', 8);
INSERT INTO matriculas (id, id_alumno, id_asignatura, fecha_matricula, nota) VALUES (675, 68, 27, '2024-09-21', 6);
INSERT INTO matriculas (id, id_alumno, id_asignatura, fecha_matricula, nota) VALUES (676, 68, 28, '2025-03-08', 4);
INSERT INTO matriculas (id, id_alumno, id_asignatura, fecha_matricula, nota) VALUES (677, 68, 29, '2025-04-02', 10);
INSERT INTO matriculas (id, id_alumno, id_asignatura, fecha_matricula, nota) VALUES (678, 69, 21, '2024-09-25', 0);
INSERT INTO matriculas (id, id_alumno, id_asignatura, fecha_matricula, nota) VALUES (679, 69, 22, '2025-04-19', 1);
INSERT INTO matriculas (id, id_alumno, id_asignatura, fecha_matricula, nota) VALUES (680, 69, 23, '2025-03-29', 4);
INSERT INTO matriculas (id, id_alumno, id_asignatura, fecha_matricula, nota) VALUES (681, 69, 24, '2025-02-28', 10);
INSERT INTO matriculas (id, id_alumno, id_asignatura, fecha_matricula, nota) VALUES (682, 69, 25, '2024-10-08', 0);
INSERT INTO matriculas (id, id_alumno, id_asignatura, fecha_matricula, nota) VALUES (683, 69, 26, '2024-09-21', 0);
INSERT INTO matriculas (id, id_alumno, id_asignatura, fecha_matricula, nota) VALUES (684, 69, 27, '2025-03-19', 4);
INSERT INTO matriculas (id, id_alumno, id_asignatura, fecha_matricula, nota) VALUES (685, 69, 28, '2025-02-24', 6);
INSERT INTO matriculas (id, id_alumno, id_asignatura, fecha_matricula, nota) VALUES (686, 69, 29, '2024-10-12', 8);
INSERT INTO matriculas (id, id_alumno, id_asignatura, fecha_matricula, nota) VALUES (687, 70, 21, '2025-01-21', 9);
INSERT INTO matriculas (id, id_alumno, id_asignatura, fecha_matricula, nota) VALUES (688, 70, 22, '2024-08-15', 6);
INSERT INTO matriculas (id, id_alumno, id_asignatura, fecha_matricula, nota) VALUES (689, 70, 23, '2024-05-08', 7);
INSERT INTO matriculas (id, id_alumno, id_asignatura, fecha_matricula, nota) VALUES (690, 70, 24, '2024-07-25', 1);
INSERT INTO matriculas (id, id_alumno, id_asignatura, fecha_matricula, nota) VALUES (691, 70, 25, '2025-04-30', 4);
INSERT INTO matriculas (id, id_alumno, id_asignatura, fecha_matricula, nota) VALUES (692, 70, 26, '2024-10-30', 5);
INSERT INTO matriculas (id, id_alumno, id_asignatura, fecha_matricula, nota) VALUES (693, 70, 27, '2024-09-25', 4);
INSERT INTO matriculas (id, id_alumno, id_asignatura, fecha_matricula, nota) VALUES (694, 70, 28, '2024-07-28', 10);
INSERT INTO matriculas (id, id_alumno, id_asignatura, fecha_matricula, nota) VALUES (695, 70, 29, '2024-06-10', 3);
INSERT INTO matriculas (id, id_alumno, id_asignatura, fecha_matricula, nota) VALUES (696, 71, 21, '2024-09-06', 9);
INSERT INTO matriculas (id, id_alumno, id_asignatura, fecha_matricula, nota) VALUES (697, 71, 22, '2024-05-10', 1);
INSERT INTO matriculas (id, id_alumno, id_asignatura, fecha_matricula, nota) VALUES (698, 71, 23, '2024-09-28', 0);
INSERT INTO matriculas (id, id_alumno, id_asignatura, fecha_matricula, nota) VALUES (699, 71, 24, '2025-04-05', 1);
INSERT INTO matriculas (id, id_alumno, id_asignatura, fecha_matricula, nota) VALUES (700, 71, 25, '2025-04-29', 4);
INSERT INTO matriculas (id, id_alumno, id_asignatura, fecha_matricula, nota) VALUES (701, 71, 26, '2024-10-15', 4);
INSERT INTO matriculas (id, id_alumno, id_asignatura, fecha_matricula, nota) VALUES (702, 71, 27, '2024-07-23', 8);
INSERT INTO matriculas (id, id_alumno, id_asignatura, fecha_matricula, nota) VALUES (703, 71, 28, '2024-12-19', 5);
INSERT INTO matriculas (id, id_alumno, id_asignatura, fecha_matricula, nota) VALUES (704, 71, 29, '2024-10-18', 1);
INSERT INTO matriculas (id, id_alumno, id_asignatura, fecha_matricula, nota) VALUES (705, 72, 21, '2024-08-10', 8);
INSERT INTO matriculas (id, id_alumno, id_asignatura, fecha_matricula, nota) VALUES (706, 72, 22, '2025-05-04', 3);
INSERT INTO matriculas (id, id_alumno, id_asignatura, fecha_matricula, nota) VALUES (707, 72, 23, '2025-01-13', 2);
INSERT INTO matriculas (id, id_alumno, id_asignatura, fecha_matricula, nota) VALUES (708, 72, 24, '2025-01-05', 1);
INSERT INTO matriculas (id, id_alumno, id_asignatura, fecha_matricula, nota) VALUES (709, 72, 25, '2025-04-17', 6);
INSERT INTO matriculas (id, id_alumno, id_asignatura, fecha_matricula, nota) VALUES (710, 72, 26, '2025-02-14', 4);
INSERT INTO matriculas (id, id_alumno, id_asignatura, fecha_matricula, nota) VALUES (711, 72, 27, '2025-01-31', 4);
INSERT INTO matriculas (id, id_alumno, id_asignatura, fecha_matricula, nota) VALUES (712, 72, 28, '2025-01-10', 8);
INSERT INTO matriculas (id, id_alumno, id_asignatura, fecha_matricula, nota) VALUES (713, 72, 29, '2025-01-19', 2);
INSERT INTO matriculas (id, id_alumno, id_asignatura, fecha_matricula, nota) VALUES (714, 73, 21, '2024-10-15', 9);
INSERT INTO matriculas (id, id_alumno, id_asignatura, fecha_matricula, nota) VALUES (715, 73, 22, '2024-09-06', 8);
INSERT INTO matriculas (id, id_alumno, id_asignatura, fecha_matricula, nota) VALUES (716, 73, 23, '2024-06-20', 10);
INSERT INTO matriculas (id, id_alumno, id_asignatura, fecha_matricula, nota) VALUES (717, 73, 24, '2024-05-12', 3);
INSERT INTO matriculas (id, id_alumno, id_asignatura, fecha_matricula, nota) VALUES (718, 73, 25, '2024-07-25', 8);
INSERT INTO matriculas (id, id_alumno, id_asignatura, fecha_matricula, nota) VALUES (719, 73, 26, '2025-01-07', 1);
INSERT INTO matriculas (id, id_alumno, id_asignatura, fecha_matricula, nota) VALUES (720, 73, 27, '2024-08-29', 6);
INSERT INTO matriculas (id, id_alumno, id_asignatura, fecha_matricula, nota) VALUES (721, 73, 28, '2024-06-03', 10);
INSERT INTO matriculas (id, id_alumno, id_asignatura, fecha_matricula, nota) VALUES (722, 73, 29, '2024-07-28', 8);
INSERT INTO matriculas (id, id_alumno, id_asignatura, fecha_matricula, nota) VALUES (723, 74, 21, '2024-08-31', 6);
INSERT INTO matriculas (id, id_alumno, id_asignatura, fecha_matricula, nota) VALUES (724, 74, 22, '2025-05-02', 4);
INSERT INTO matriculas (id, id_alumno, id_asignatura, fecha_matricula, nota) VALUES (725, 74, 23, '2024-06-08', 4);
INSERT INTO matriculas (id, id_alumno, id_asignatura, fecha_matricula, nota) VALUES (726, 74, 24, '2024-07-24', 7);
INSERT INTO matriculas (id, id_alumno, id_asignatura, fecha_matricula, nota) VALUES (727, 74, 25, '2024-07-07', 5);
INSERT INTO matriculas (id, id_alumno, id_asignatura, fecha_matricula, nota) VALUES (728, 74, 26, '2024-08-05', 9);
INSERT INTO matriculas (id, id_alumno, id_asignatura, fecha_matricula, nota) VALUES (729, 74, 27, '2024-12-15', 10);
INSERT INTO matriculas (id, id_alumno, id_asignatura, fecha_matricula, nota) VALUES (730, 74, 28, '2025-01-31', 2);
INSERT INTO matriculas (id, id_alumno, id_asignatura, fecha_matricula, nota) VALUES (731, 74, 29, '2025-03-02', 2);
INSERT INTO matriculas (id, id_alumno, id_asignatura, fecha_matricula, nota) VALUES (732, 75, 21, '2024-10-21', 1);
INSERT INTO matriculas (id, id_alumno, id_asignatura, fecha_matricula, nota) VALUES (733, 75, 22, '2025-01-08', 1);
INSERT INTO matriculas (id, id_alumno, id_asignatura, fecha_matricula, nota) VALUES (734, 75, 23, '2024-09-09', 6);
INSERT INTO matriculas (id, id_alumno, id_asignatura, fecha_matricula, nota) VALUES (735, 75, 24, '2024-08-27', 6);
INSERT INTO matriculas (id, id_alumno, id_asignatura, fecha_matricula, nota) VALUES (736, 75, 25, '2025-04-20', 9);
INSERT INTO matriculas (id, id_alumno, id_asignatura, fecha_matricula, nota) VALUES (737, 75, 26, '2025-03-18', 7);
INSERT INTO matriculas (id, id_alumno, id_asignatura, fecha_matricula, nota) VALUES (738, 75, 27, '2024-07-05', 2);
INSERT INTO matriculas (id, id_alumno, id_asignatura, fecha_matricula, nota) VALUES (739, 75, 28, '2024-08-07', 8);
INSERT INTO matriculas (id, id_alumno, id_asignatura, fecha_matricula, nota) VALUES (740, 75, 29, '2025-01-13', 10);
INSERT INTO matriculas (id, id_alumno, id_asignatura, fecha_matricula, nota) VALUES (741, 76, 21, '2024-11-24', 4);
INSERT INTO matriculas (id, id_alumno, id_asignatura, fecha_matricula, nota) VALUES (742, 76, 22, '2024-11-13', 5);
INSERT INTO matriculas (id, id_alumno, id_asignatura, fecha_matricula, nota) VALUES (743, 76, 23, '2024-05-08', 10);
INSERT INTO matriculas (id, id_alumno, id_asignatura, fecha_matricula, nota) VALUES (744, 76, 24, '2025-02-22', 7);
INSERT INTO matriculas (id, id_alumno, id_asignatura, fecha_matricula, nota) VALUES (745, 76, 25, '2024-06-26', 6);
INSERT INTO matriculas (id, id_alumno, id_asignatura, fecha_matricula, nota) VALUES (746, 76, 26, '2024-11-10', 3);
INSERT INTO matriculas (id, id_alumno, id_asignatura, fecha_matricula, nota) VALUES (747, 76, 27, '2025-01-10', 7);
INSERT INTO matriculas (id, id_alumno, id_asignatura, fecha_matricula, nota) VALUES (748, 76, 28, '2025-01-02', 7);
INSERT INTO matriculas (id, id_alumno, id_asignatura, fecha_matricula, nota) VALUES (749, 76, 29, '2024-05-31', 8);
INSERT INTO matriculas (id, id_alumno, id_asignatura, fecha_matricula, nota) VALUES (750, 77, 21, '2024-05-07', 5);
INSERT INTO matriculas (id, id_alumno, id_asignatura, fecha_matricula, nota) VALUES (751, 77, 22, '2024-09-02', 7);
INSERT INTO matriculas (id, id_alumno, id_asignatura, fecha_matricula, nota) VALUES (752, 77, 23, '2025-03-29', 10);
INSERT INTO matriculas (id, id_alumno, id_asignatura, fecha_matricula, nota) VALUES (753, 77, 24, '2024-10-25', 0);
INSERT INTO matriculas (id, id_alumno, id_asignatura, fecha_matricula, nota) VALUES (754, 77, 25, '2025-02-11', 7);
INSERT INTO matriculas (id, id_alumno, id_asignatura, fecha_matricula, nota) VALUES (755, 77, 26, '2024-08-17', 4);
INSERT INTO matriculas (id, id_alumno, id_asignatura, fecha_matricula, nota) VALUES (756, 77, 27, '2024-07-21', 2);
INSERT INTO matriculas (id, id_alumno, id_asignatura, fecha_matricula, nota) VALUES (757, 77, 28, '2024-11-21', 7);
INSERT INTO matriculas (id, id_alumno, id_asignatura, fecha_matricula, nota) VALUES (758, 77, 29, '2024-12-02', 0);
INSERT INTO matriculas (id, id_alumno, id_asignatura, fecha_matricula, nota) VALUES (759, 78, 21, '2024-06-29', 9);
INSERT INTO matriculas (id, id_alumno, id_asignatura, fecha_matricula, nota) VALUES (760, 78, 22, '2025-01-05', 3);
INSERT INTO matriculas (id, id_alumno, id_asignatura, fecha_matricula, nota) VALUES (761, 78, 23, '2025-03-31', 0);
INSERT INTO matriculas (id, id_alumno, id_asignatura, fecha_matricula, nota) VALUES (762, 78, 24, '2025-03-26', 5);
INSERT INTO matriculas (id, id_alumno, id_asignatura, fecha_matricula, nota) VALUES (763, 78, 25, '2025-01-27', 7);
INSERT INTO matriculas (id, id_alumno, id_asignatura, fecha_matricula, nota) VALUES (764, 78, 26, '2024-09-15', 6);
INSERT INTO matriculas (id, id_alumno, id_asignatura, fecha_matricula, nota) VALUES (765, 78, 27, '2024-09-01', 0);
INSERT INTO matriculas (id, id_alumno, id_asignatura, fecha_matricula, nota) VALUES (766, 78, 28, '2024-06-27', 8);
INSERT INTO matriculas (id, id_alumno, id_asignatura, fecha_matricula, nota) VALUES (767, 78, 29, '2024-07-16', 1);
INSERT INTO matriculas (id, id_alumno, id_asignatura, fecha_matricula, nota) VALUES (768, 79, 21, '2025-03-02', 10);
INSERT INTO matriculas (id, id_alumno, id_asignatura, fecha_matricula, nota) VALUES (769, 79, 22, '2024-09-08', 1);
INSERT INTO matriculas (id, id_alumno, id_asignatura, fecha_matricula, nota) VALUES (770, 79, 23, '2024-10-09', 10);
INSERT INTO matriculas (id, id_alumno, id_asignatura, fecha_matricula, nota) VALUES (771, 79, 24, '2025-02-05', 10);
INSERT INTO matriculas (id, id_alumno, id_asignatura, fecha_matricula, nota) VALUES (772, 79, 25, '2024-08-28', 6);
INSERT INTO matriculas (id, id_alumno, id_asignatura, fecha_matricula, nota) VALUES (773, 79, 26, '2024-09-18', 0);
INSERT INTO matriculas (id, id_alumno, id_asignatura, fecha_matricula, nota) VALUES (774, 79, 27, '2024-10-28', 5);
INSERT INTO matriculas (id, id_alumno, id_asignatura, fecha_matricula, nota) VALUES (775, 79, 28, '2024-11-09', 0);
INSERT INTO matriculas (id, id_alumno, id_asignatura, fecha_matricula, nota) VALUES (776, 79, 29, '2025-04-01', 1);
INSERT INTO matriculas (id, id_alumno, id_asignatura, fecha_matricula, nota) VALUES (777, 80, 21, '2024-10-14', 9);
INSERT INTO matriculas (id, id_alumno, id_asignatura, fecha_matricula, nota) VALUES (778, 80, 22, '2024-07-13', 0);
INSERT INTO matriculas (id, id_alumno, id_asignatura, fecha_matricula, nota) VALUES (779, 80, 23, '2024-12-22', 4);
INSERT INTO matriculas (id, id_alumno, id_asignatura, fecha_matricula, nota) VALUES (780, 80, 24, '2024-10-29', 10);
INSERT INTO matriculas (id, id_alumno, id_asignatura, fecha_matricula, nota) VALUES (781, 80, 25, '2024-07-26', 4);
INSERT INTO matriculas (id, id_alumno, id_asignatura, fecha_matricula, nota) VALUES (782, 80, 26, '2024-08-16', 3);
INSERT INTO matriculas (id, id_alumno, id_asignatura, fecha_matricula, nota) VALUES (783, 80, 27, '2025-02-26', 2);
INSERT INTO matriculas (id, id_alumno, id_asignatura, fecha_matricula, nota) VALUES (784, 80, 28, '2024-10-15', 9);
INSERT INTO matriculas (id, id_alumno, id_asignatura, fecha_matricula, nota) VALUES (785, 80, 29, '2025-01-14', 4);
INSERT INTO matriculas (id, id_alumno, id_asignatura, fecha_matricula, nota) VALUES (786, 81, 21, '2025-03-17', 3);
INSERT INTO matriculas (id, id_alumno, id_asignatura, fecha_matricula, nota) VALUES (787, 81, 22, '2024-10-22', 1);
INSERT INTO matriculas (id, id_alumno, id_asignatura, fecha_matricula, nota) VALUES (788, 81, 23, '2024-11-12', 6);
INSERT INTO matriculas (id, id_alumno, id_asignatura, fecha_matricula, nota) VALUES (789, 81, 24, '2024-05-29', 7);
INSERT INTO matriculas (id, id_alumno, id_asignatura, fecha_matricula, nota) VALUES (790, 81, 25, '2024-09-16', 5);
INSERT INTO matriculas (id, id_alumno, id_asignatura, fecha_matricula, nota) VALUES (791, 81, 26, '2025-04-17', 6);
INSERT INTO matriculas (id, id_alumno, id_asignatura, fecha_matricula, nota) VALUES (792, 81, 27, '2025-03-09', 2);
INSERT INTO matriculas (id, id_alumno, id_asignatura, fecha_matricula, nota) VALUES (793, 81, 28, '2025-04-03', 5);
INSERT INTO matriculas (id, id_alumno, id_asignatura, fecha_matricula, nota) VALUES (794, 81, 29, '2024-11-12', 6);
INSERT INTO matriculas (id, id_alumno, id_asignatura, fecha_matricula, nota) VALUES (795, 82, 21, '2024-09-16', 10);
INSERT INTO matriculas (id, id_alumno, id_asignatura, fecha_matricula, nota) VALUES (796, 82, 22, '2025-01-04', 10);
INSERT INTO matriculas (id, id_alumno, id_asignatura, fecha_matricula, nota) VALUES (797, 82, 23, '2024-05-25', 6);
INSERT INTO matriculas (id, id_alumno, id_asignatura, fecha_matricula, nota) VALUES (798, 82, 24, '2024-09-08', 2);
INSERT INTO matriculas (id, id_alumno, id_asignatura, fecha_matricula, nota) VALUES (799, 82, 25, '2024-11-14', 7);
INSERT INTO matriculas (id, id_alumno, id_asignatura, fecha_matricula, nota) VALUES (800, 82, 26, '2024-09-24', 2);
INSERT INTO matriculas (id, id_alumno, id_asignatura, fecha_matricula, nota) VALUES (801, 82, 27, '2025-01-09', 8);
INSERT INTO matriculas (id, id_alumno, id_asignatura, fecha_matricula, nota) VALUES (802, 82, 28, '2025-01-06', 5);
INSERT INTO matriculas (id, id_alumno, id_asignatura, fecha_matricula, nota) VALUES (803, 82, 29, '2024-10-23', 2);
INSERT INTO matriculas (id, id_alumno, id_asignatura, fecha_matricula, nota) VALUES (804, 83, 21, '2025-04-21', 3);
INSERT INTO matriculas (id, id_alumno, id_asignatura, fecha_matricula, nota) VALUES (805, 83, 22, '2024-06-01', 2);
INSERT INTO matriculas (id, id_alumno, id_asignatura, fecha_matricula, nota) VALUES (806, 83, 23, '2024-06-11', 7);
INSERT INTO matriculas (id, id_alumno, id_asignatura, fecha_matricula, nota) VALUES (807, 83, 24, '2025-03-24', 5);
INSERT INTO matriculas (id, id_alumno, id_asignatura, fecha_matricula, nota) VALUES (808, 83, 25, '2025-02-20', 6);
INSERT INTO matriculas (id, id_alumno, id_asignatura, fecha_matricula, nota) VALUES (809, 83, 26, '2025-04-04', 6);
INSERT INTO matriculas (id, id_alumno, id_asignatura, fecha_matricula, nota) VALUES (810, 83, 27, '2024-11-29', 7);
INSERT INTO matriculas (id, id_alumno, id_asignatura, fecha_matricula, nota) VALUES (811, 83, 28, '2024-08-24', 6);
INSERT INTO matriculas (id, id_alumno, id_asignatura, fecha_matricula, nota) VALUES (812, 83, 29, '2025-01-13', 3);
INSERT INTO matriculas (id, id_alumno, id_asignatura, fecha_matricula, nota) VALUES (813, 84, 21, '2025-04-12', 3);
INSERT INTO matriculas (id, id_alumno, id_asignatura, fecha_matricula, nota) VALUES (814, 84, 22, '2024-08-28', 7);
INSERT INTO matriculas (id, id_alumno, id_asignatura, fecha_matricula, nota) VALUES (815, 84, 23, '2025-01-03', 3);
INSERT INTO matriculas (id, id_alumno, id_asignatura, fecha_matricula, nota) VALUES (816, 84, 24, '2024-10-22', 9);
INSERT INTO matriculas (id, id_alumno, id_asignatura, fecha_matricula, nota) VALUES (817, 84, 25, '2025-03-29', 0);
INSERT INTO matriculas (id, id_alumno, id_asignatura, fecha_matricula, nota) VALUES (818, 84, 26, '2024-09-15', 6);
INSERT INTO matriculas (id, id_alumno, id_asignatura, fecha_matricula, nota) VALUES (819, 84, 27, '2025-04-14', 0);
INSERT INTO matriculas (id, id_alumno, id_asignatura, fecha_matricula, nota) VALUES (820, 84, 28, '2025-01-15', 3);
INSERT INTO matriculas (id, id_alumno, id_asignatura, fecha_matricula, nota) VALUES (821, 84, 29, '2025-01-12', 10);
INSERT INTO matriculas (id, id_alumno, id_asignatura, fecha_matricula, nota) VALUES (822, 85, 21, '2024-10-29', 1);
INSERT INTO matriculas (id, id_alumno, id_asignatura, fecha_matricula, nota) VALUES (823, 85, 22, '2024-06-18', 2);
INSERT INTO matriculas (id, id_alumno, id_asignatura, fecha_matricula, nota) VALUES (824, 85, 23, '2024-09-17', 5);
INSERT INTO matriculas (id, id_alumno, id_asignatura, fecha_matricula, nota) VALUES (825, 85, 24, '2025-01-24', 0);
INSERT INTO matriculas (id, id_alumno, id_asignatura, fecha_matricula, nota) VALUES (826, 85, 25, '2024-10-26', 10);
INSERT INTO matriculas (id, id_alumno, id_asignatura, fecha_matricula, nota) VALUES (827, 85, 26, '2025-01-11', 10);
INSERT INTO matriculas (id, id_alumno, id_asignatura, fecha_matricula, nota) VALUES (828, 85, 27, '2024-10-13', 2);
INSERT INTO matriculas (id, id_alumno, id_asignatura, fecha_matricula, nota) VALUES (829, 85, 28, '2024-12-04', 3);
INSERT INTO matriculas (id, id_alumno, id_asignatura, fecha_matricula, nota) VALUES (830, 85, 29, '2024-05-18', 9);
INSERT INTO matriculas (id, id_alumno, id_asignatura, fecha_matricula, nota) VALUES (831, 86, 21, '2024-10-07', 4);
INSERT INTO matriculas (id, id_alumno, id_asignatura, fecha_matricula, nota) VALUES (832, 86, 22, '2024-12-02', 9);
INSERT INTO matriculas (id, id_alumno, id_asignatura, fecha_matricula, nota) VALUES (833, 86, 23, '2024-09-19', 1);
INSERT INTO matriculas (id, id_alumno, id_asignatura, fecha_matricula, nota) VALUES (834, 86, 24, '2025-01-08', 8);
INSERT INTO matriculas (id, id_alumno, id_asignatura, fecha_matricula, nota) VALUES (835, 86, 25, '2024-05-08', 4);
INSERT INTO matriculas (id, id_alumno, id_asignatura, fecha_matricula, nota) VALUES (836, 86, 26, '2024-09-20', 5);
INSERT INTO matriculas (id, id_alumno, id_asignatura, fecha_matricula, nota) VALUES (837, 86, 27, '2025-03-02', 6);
INSERT INTO matriculas (id, id_alumno, id_asignatura, fecha_matricula, nota) VALUES (838, 86, 28, '2025-04-20', 7);
INSERT INTO matriculas (id, id_alumno, id_asignatura, fecha_matricula, nota) VALUES (839, 86, 29, '2024-05-14', 0);
INSERT INTO matriculas (id, id_alumno, id_asignatura, fecha_matricula, nota) VALUES (840, 87, 21, '2024-12-21', 10);
INSERT INTO matriculas (id, id_alumno, id_asignatura, fecha_matricula, nota) VALUES (841, 87, 22, '2024-11-04', 8);
INSERT INTO matriculas (id, id_alumno, id_asignatura, fecha_matricula, nota) VALUES (842, 87, 23, '2024-11-17', 10);
INSERT INTO matriculas (id, id_alumno, id_asignatura, fecha_matricula, nota) VALUES (843, 87, 24, '2024-12-29', 10);
INSERT INTO matriculas (id, id_alumno, id_asignatura, fecha_matricula, nota) VALUES (844, 87, 25, '2024-10-18', 8);
INSERT INTO matriculas (id, id_alumno, id_asignatura, fecha_matricula, nota) VALUES (845, 87, 26, '2024-07-30', 6);
INSERT INTO matriculas (id, id_alumno, id_asignatura, fecha_matricula, nota) VALUES (846, 87, 27, '2025-01-26', 9);
INSERT INTO matriculas (id, id_alumno, id_asignatura, fecha_matricula, nota) VALUES (847, 87, 28, '2025-02-08', 7);
INSERT INTO matriculas (id, id_alumno, id_asignatura, fecha_matricula, nota) VALUES (848, 87, 29, '2024-05-28', 7);
INSERT INTO matriculas (id, id_alumno, id_asignatura, fecha_matricula, nota) VALUES (849, 88, 21, '2024-09-01', 4);
INSERT INTO matriculas (id, id_alumno, id_asignatura, fecha_matricula, nota) VALUES (850, 88, 22, '2024-11-21', 7);
INSERT INTO matriculas (id, id_alumno, id_asignatura, fecha_matricula, nota) VALUES (851, 88, 23, '2025-03-12', 3);
INSERT INTO matriculas (id, id_alumno, id_asignatura, fecha_matricula, nota) VALUES (852, 88, 24, '2024-11-30', 5);
INSERT INTO matriculas (id, id_alumno, id_asignatura, fecha_matricula, nota) VALUES (853, 88, 25, '2024-07-20', 4);
INSERT INTO matriculas (id, id_alumno, id_asignatura, fecha_matricula, nota) VALUES (854, 88, 26, '2024-12-26', 0);
INSERT INTO matriculas (id, id_alumno, id_asignatura, fecha_matricula, nota) VALUES (855, 88, 27, '2024-12-01', 0);
INSERT INTO matriculas (id, id_alumno, id_asignatura, fecha_matricula, nota) VALUES (856, 88, 28, '2025-04-11', 0);
INSERT INTO matriculas (id, id_alumno, id_asignatura, fecha_matricula, nota) VALUES (857, 88, 29, '2024-07-29', 2);
INSERT INTO matriculas (id, id_alumno, id_asignatura, fecha_matricula, nota) VALUES (858, 89, 21, '2025-01-27', 5);
INSERT INTO matriculas (id, id_alumno, id_asignatura, fecha_matricula, nota) VALUES (859, 89, 22, '2024-06-19', 0);
INSERT INTO matriculas (id, id_alumno, id_asignatura, fecha_matricula, nota) VALUES (860, 89, 23, '2024-11-18', 4);
INSERT INTO matriculas (id, id_alumno, id_asignatura, fecha_matricula, nota) VALUES (861, 89, 24, '2024-10-10', 10);
INSERT INTO matriculas (id, id_alumno, id_asignatura, fecha_matricula, nota) VALUES (862, 89, 25, '2024-06-20', 0);
INSERT INTO matriculas (id, id_alumno, id_asignatura, fecha_matricula, nota) VALUES (863, 89, 26, '2024-12-05', 2);
INSERT INTO matriculas (id, id_alumno, id_asignatura, fecha_matricula, nota) VALUES (864, 89, 27, '2024-05-26', 1);
INSERT INTO matriculas (id, id_alumno, id_asignatura, fecha_matricula, nota) VALUES (865, 89, 28, '2024-08-15', 6);
INSERT INTO matriculas (id, id_alumno, id_asignatura, fecha_matricula, nota) VALUES (866, 89, 29, '2024-09-06', 10);
INSERT INTO matriculas (id, id_alumno, id_asignatura, fecha_matricula, nota) VALUES (867, 90, 21, '2024-09-14', 3);
INSERT INTO matriculas (id, id_alumno, id_asignatura, fecha_matricula, nota) VALUES (868, 90, 22, '2024-05-25', 9);
INSERT INTO matriculas (id, id_alumno, id_asignatura, fecha_matricula, nota) VALUES (869, 90, 23, '2024-10-28', 6);
INSERT INTO matriculas (id, id_alumno, id_asignatura, fecha_matricula, nota) VALUES (870, 90, 24, '2025-01-27', 8);
INSERT INTO matriculas (id, id_alumno, id_asignatura, fecha_matricula, nota) VALUES (871, 90, 25, '2025-02-13', 3);
INSERT INTO matriculas (id, id_alumno, id_asignatura, fecha_matricula, nota) VALUES (872, 90, 26, '2025-03-02', 7);
INSERT INTO matriculas (id, id_alumno, id_asignatura, fecha_matricula, nota) VALUES (873, 90, 27, '2024-07-03', 3);
INSERT INTO matriculas (id, id_alumno, id_asignatura, fecha_matricula, nota) VALUES (874, 90, 28, '2024-11-19', 5);
INSERT INTO matriculas (id, id_alumno, id_asignatura, fecha_matricula, nota) VALUES (875, 90, 29, '2024-12-20', 9);
INSERT INTO matriculas (id, id_alumno, id_asignatura, fecha_matricula, nota) VALUES (876, 91, 21, '2024-05-13', 1);
INSERT INTO matriculas (id, id_alumno, id_asignatura, fecha_matricula, nota) VALUES (877, 91, 22, '2024-12-24', 9);
INSERT INTO matriculas (id, id_alumno, id_asignatura, fecha_matricula, nota) VALUES (878, 91, 23, '2025-01-14', 1);
INSERT INTO matriculas (id, id_alumno, id_asignatura, fecha_matricula, nota) VALUES (879, 91, 24, '2025-03-12', 5);
INSERT INTO matriculas (id, id_alumno, id_asignatura, fecha_matricula, nota) VALUES (880, 91, 25, '2024-12-27', 5);
INSERT INTO matriculas (id, id_alumno, id_asignatura, fecha_matricula, nota) VALUES (881, 91, 26, '2024-12-28', 8);
INSERT INTO matriculas (id, id_alumno, id_asignatura, fecha_matricula, nota) VALUES (882, 91, 27, '2024-10-10', 7);
INSERT INTO matriculas (id, id_alumno, id_asignatura, fecha_matricula, nota) VALUES (883, 91, 28, '2024-08-11', 5);
INSERT INTO matriculas (id, id_alumno, id_asignatura, fecha_matricula, nota) VALUES (884, 91, 29, '2024-11-09', 4);
INSERT INTO matriculas (id, id_alumno, id_asignatura, fecha_matricula, nota) VALUES (885, 92, 21, '2024-08-19', 0);
INSERT INTO matriculas (id, id_alumno, id_asignatura, fecha_matricula, nota) VALUES (886, 92, 22, '2024-12-30', 8);
INSERT INTO matriculas (id, id_alumno, id_asignatura, fecha_matricula, nota) VALUES (887, 92, 23, '2025-02-15', 0);
INSERT INTO matriculas (id, id_alumno, id_asignatura, fecha_matricula, nota) VALUES (888, 92, 24, '2024-11-28', 3);
INSERT INTO matriculas (id, id_alumno, id_asignatura, fecha_matricula, nota) VALUES (889, 92, 25, '2025-04-26', 5);
INSERT INTO matriculas (id, id_alumno, id_asignatura, fecha_matricula, nota) VALUES (890, 92, 26, '2025-01-22', 1);
INSERT INTO matriculas (id, id_alumno, id_asignatura, fecha_matricula, nota) VALUES (891, 92, 27, '2024-07-31', 3);
INSERT INTO matriculas (id, id_alumno, id_asignatura, fecha_matricula, nota) VALUES (892, 92, 28, '2024-08-28', 8);
INSERT INTO matriculas (id, id_alumno, id_asignatura, fecha_matricula, nota) VALUES (893, 92, 29, '2024-07-07', 5);
INSERT INTO matriculas (id, id_alumno, id_asignatura, fecha_matricula, nota) VALUES (894, 93, 21, '2024-08-09', 3);
INSERT INTO matriculas (id, id_alumno, id_asignatura, fecha_matricula, nota) VALUES (895, 93, 22, '2025-04-30', 3);
INSERT INTO matriculas (id, id_alumno, id_asignatura, fecha_matricula, nota) VALUES (896, 93, 23, '2024-07-23', 4);
INSERT INTO matriculas (id, id_alumno, id_asignatura, fecha_matricula, nota) VALUES (897, 93, 24, '2025-05-06', 10);
INSERT INTO matriculas (id, id_alumno, id_asignatura, fecha_matricula, nota) VALUES (898, 93, 25, '2024-11-12', 4);
INSERT INTO matriculas (id, id_alumno, id_asignatura, fecha_matricula, nota) VALUES (899, 93, 26, '2025-02-17', 4);
INSERT INTO matriculas (id, id_alumno, id_asignatura, fecha_matricula, nota) VALUES (900, 93, 27, '2024-08-08', 8);
INSERT INTO matriculas (id, id_alumno, id_asignatura, fecha_matricula, nota) VALUES (901, 93, 28, '2024-08-08', 6);
INSERT INTO matriculas (id, id_alumno, id_asignatura, fecha_matricula, nota) VALUES (902, 93, 29, '2025-02-27', 4);
INSERT INTO matriculas (id, id_alumno, id_asignatura, fecha_matricula, nota) VALUES (903, 94, 21, '2024-08-19', 7);
INSERT INTO matriculas (id, id_alumno, id_asignatura, fecha_matricula, nota) VALUES (904, 94, 22, '2025-03-19', 5);
INSERT INTO matriculas (id, id_alumno, id_asignatura, fecha_matricula, nota) VALUES (905, 94, 23, '2024-09-17', 3);
INSERT INTO matriculas (id, id_alumno, id_asignatura, fecha_matricula, nota) VALUES (906, 94, 24, '2024-07-18', 0);
INSERT INTO matriculas (id, id_alumno, id_asignatura, fecha_matricula, nota) VALUES (907, 94, 25, '2025-04-28', 4);
INSERT INTO matriculas (id, id_alumno, id_asignatura, fecha_matricula, nota) VALUES (908, 94, 26, '2024-12-13', 8);
INSERT INTO matriculas (id, id_alumno, id_asignatura, fecha_matricula, nota) VALUES (909, 94, 27, '2025-02-08', 1);
INSERT INTO matriculas (id, id_alumno, id_asignatura, fecha_matricula, nota) VALUES (910, 94, 28, '2024-09-09', 0);
INSERT INTO matriculas (id, id_alumno, id_asignatura, fecha_matricula, nota) VALUES (911, 94, 29, '2024-07-02', 7);
INSERT INTO matriculas (id, id_alumno, id_asignatura, fecha_matricula, nota) VALUES (912, 95, 21, '2024-05-30', 7);
INSERT INTO matriculas (id, id_alumno, id_asignatura, fecha_matricula, nota) VALUES (913, 95, 22, '2025-03-08', 7);
INSERT INTO matriculas (id, id_alumno, id_asignatura, fecha_matricula, nota) VALUES (914, 95, 23, '2024-10-02', 0);
INSERT INTO matriculas (id, id_alumno, id_asignatura, fecha_matricula, nota) VALUES (915, 95, 24, '2024-07-20', 6);
INSERT INTO matriculas (id, id_alumno, id_asignatura, fecha_matricula, nota) VALUES (916, 95, 25, '2025-02-25', 7);
INSERT INTO matriculas (id, id_alumno, id_asignatura, fecha_matricula, nota) VALUES (917, 95, 26, '2024-07-24', 7);
INSERT INTO matriculas (id, id_alumno, id_asignatura, fecha_matricula, nota) VALUES (918, 95, 27, '2025-03-23', 7);
INSERT INTO matriculas (id, id_alumno, id_asignatura, fecha_matricula, nota) VALUES (919, 95, 28, '2024-12-30', 1);
INSERT INTO matriculas (id, id_alumno, id_asignatura, fecha_matricula, nota) VALUES (920, 95, 29, '2024-12-26', 1);
INSERT INTO matriculas (id, id_alumno, id_asignatura, fecha_matricula, nota) VALUES (921, 96, 21, '2024-07-26', 1);
INSERT INTO matriculas (id, id_alumno, id_asignatura, fecha_matricula, nota) VALUES (922, 96, 22, '2025-03-26', 3);
INSERT INTO matriculas (id, id_alumno, id_asignatura, fecha_matricula, nota) VALUES (923, 96, 23, '2024-10-01', 1);
INSERT INTO matriculas (id, id_alumno, id_asignatura, fecha_matricula, nota) VALUES (924, 96, 24, '2025-04-07', 2);
INSERT INTO matriculas (id, id_alumno, id_asignatura, fecha_matricula, nota) VALUES (925, 96, 25, '2024-07-08', 6);
INSERT INTO matriculas (id, id_alumno, id_asignatura, fecha_matricula, nota) VALUES (926, 96, 26, '2024-11-10', 3);
INSERT INTO matriculas (id, id_alumno, id_asignatura, fecha_matricula, nota) VALUES (927, 96, 27, '2025-01-28', 7);
INSERT INTO matriculas (id, id_alumno, id_asignatura, fecha_matricula, nota) VALUES (928, 96, 28, '2024-08-31', 9);
INSERT INTO matriculas (id, id_alumno, id_asignatura, fecha_matricula, nota) VALUES (929, 96, 29, '2024-12-30', 1);
INSERT INTO matriculas (id, id_alumno, id_asignatura, fecha_matricula, nota) VALUES (930, 97, 21, '2024-06-05', 6);
INSERT INTO matriculas (id, id_alumno, id_asignatura, fecha_matricula, nota) VALUES (931, 97, 22, '2025-04-23', 8);
INSERT INTO matriculas (id, id_alumno, id_asignatura, fecha_matricula, nota) VALUES (932, 97, 23, '2025-02-18', 6);
INSERT INTO matriculas (id, id_alumno, id_asignatura, fecha_matricula, nota) VALUES (933, 97, 24, '2024-06-12', 0);
INSERT INTO matriculas (id, id_alumno, id_asignatura, fecha_matricula, nota) VALUES (934, 97, 25, '2025-02-27', 2);
INSERT INTO matriculas (id, id_alumno, id_asignatura, fecha_matricula, nota) VALUES (935, 97, 26, '2025-02-07', 3);
INSERT INTO matriculas (id, id_alumno, id_asignatura, fecha_matricula, nota) VALUES (936, 97, 27, '2024-09-02', 7);
INSERT INTO matriculas (id, id_alumno, id_asignatura, fecha_matricula, nota) VALUES (937, 97, 28, '2024-07-29', 3);
INSERT INTO matriculas (id, id_alumno, id_asignatura, fecha_matricula, nota) VALUES (938, 97, 29, '2024-05-17', 2);
INSERT INTO matriculas (id, id_alumno, id_asignatura, fecha_matricula, nota) VALUES (939, 98, 21, '2024-05-27', 4);
INSERT INTO matriculas (id, id_alumno, id_asignatura, fecha_matricula, nota) VALUES (940, 98, 22, '2024-09-18', 5);
INSERT INTO matriculas (id, id_alumno, id_asignatura, fecha_matricula, nota) VALUES (941, 98, 23, '2024-06-08', 5);
INSERT INTO matriculas (id, id_alumno, id_asignatura, fecha_matricula, nota) VALUES (942, 98, 24, '2024-10-27', 6);
INSERT INTO matriculas (id, id_alumno, id_asignatura, fecha_matricula, nota) VALUES (943, 98, 25, '2024-08-26', 1);
INSERT INTO matriculas (id, id_alumno, id_asignatura, fecha_matricula, nota) VALUES (944, 98, 26, '2024-09-04', 8);
INSERT INTO matriculas (id, id_alumno, id_asignatura, fecha_matricula, nota) VALUES (945, 98, 27, '2024-11-13', 4);
INSERT INTO matriculas (id, id_alumno, id_asignatura, fecha_matricula, nota) VALUES (946, 98, 28, '2024-09-29', 9);
INSERT INTO matriculas (id, id_alumno, id_asignatura, fecha_matricula, nota) VALUES (947, 98, 29, '2024-08-20', 8);
INSERT INTO matriculas (id, id_alumno, id_asignatura, fecha_matricula, nota) VALUES (948, 99, 21, '2024-07-31', 3);
INSERT INTO matriculas (id, id_alumno, id_asignatura, fecha_matricula, nota) VALUES (949, 99, 22, '2025-01-23', 4);
INSERT INTO matriculas (id, id_alumno, id_asignatura, fecha_matricula, nota) VALUES (950, 99, 23, '2024-12-09', 7);
INSERT INTO matriculas (id, id_alumno, id_asignatura, fecha_matricula, nota) VALUES (951, 99, 24, '2024-09-27', 8);
INSERT INTO matriculas (id, id_alumno, id_asignatura, fecha_matricula, nota) VALUES (952, 99, 25, '2024-11-28', 9);
INSERT INTO matriculas (id, id_alumno, id_asignatura, fecha_matricula, nota) VALUES (953, 99, 26, '2025-04-30', 7);
INSERT INTO matriculas (id, id_alumno, id_asignatura, fecha_matricula, nota) VALUES (954, 99, 27, '2024-12-28', 8);
INSERT INTO matriculas (id, id_alumno, id_asignatura, fecha_matricula, nota) VALUES (955, 99, 28, '2024-06-17', 10);
INSERT INTO matriculas (id, id_alumno, id_asignatura, fecha_matricula, nota) VALUES (956, 99, 29, '2025-04-22', 4);
INSERT INTO matriculas (id, id_alumno, id_asignatura, fecha_matricula, nota) VALUES (957, 100, 21, '2025-01-04', 4);
INSERT INTO matriculas (id, id_alumno, id_asignatura, fecha_matricula, nota) VALUES (958, 100, 22, '2024-09-09', 3);
INSERT INTO matriculas (id, id_alumno, id_asignatura, fecha_matricula, nota) VALUES (959, 100, 23, '2024-10-05', 0);
INSERT INTO matriculas (id, id_alumno, id_asignatura, fecha_matricula, nota) VALUES (960, 100, 24, '2024-09-26', 1);
INSERT INTO matriculas (id, id_alumno, id_asignatura, fecha_matricula, nota) VALUES (961, 100, 25, '2024-06-20', 9);
INSERT INTO matriculas (id, id_alumno, id_asignatura, fecha_matricula, nota) VALUES (962, 100, 26, '2024-11-29', 1);
INSERT INTO matriculas (id, id_alumno, id_asignatura, fecha_matricula, nota) VALUES (963, 100, 27, '2025-03-02', 2);
INSERT INTO matriculas (id, id_alumno, id_asignatura, fecha_matricula, nota) VALUES (964, 100, 28, '2025-04-18', 6);
INSERT INTO matriculas (id, id_alumno, id_asignatura, fecha_matricula, nota) VALUES (965, 100, 29, '2024-07-01', 3);
INSERT INTO matriculas (id, id_alumno, id_asignatura, fecha_matricula, nota) VALUES (966, 101, 30, '2025-01-02', 3);
INSERT INTO matriculas (id, id_alumno, id_asignatura, fecha_matricula, nota) VALUES (967, 101, 31, '2024-11-06', 4);
INSERT INTO matriculas (id, id_alumno, id_asignatura, fecha_matricula, nota) VALUES (968, 101, 32, '2024-12-28', 10);
INSERT INTO matriculas (id, id_alumno, id_asignatura, fecha_matricula, nota) VALUES (969, 101, 33, '2025-04-02', 0);
INSERT INTO matriculas (id, id_alumno, id_asignatura, fecha_matricula, nota) VALUES (970, 101, 34, '2024-12-19', 8);
INSERT INTO matriculas (id, id_alumno, id_asignatura, fecha_matricula, nota) VALUES (971, 101, 35, '2025-04-12', 8);
INSERT INTO matriculas (id, id_alumno, id_asignatura, fecha_matricula, nota) VALUES (972, 101, 36, '2024-10-02', 6);
INSERT INTO matriculas (id, id_alumno, id_asignatura, fecha_matricula, nota) VALUES (973, 101, 37, '2024-11-26', 0);
INSERT INTO matriculas (id, id_alumno, id_asignatura, fecha_matricula, nota) VALUES (974, 101, 38, '2024-09-19', 1);
INSERT INTO matriculas (id, id_alumno, id_asignatura, fecha_matricula, nota) VALUES (975, 101, 39, '2025-03-11', 6);
INSERT INTO matriculas (id, id_alumno, id_asignatura, fecha_matricula, nota) VALUES (976, 102, 30, '2024-08-17', 10);
INSERT INTO matriculas (id, id_alumno, id_asignatura, fecha_matricula, nota) VALUES (977, 102, 31, '2024-11-29', 4);
INSERT INTO matriculas (id, id_alumno, id_asignatura, fecha_matricula, nota) VALUES (978, 102, 32, '2024-07-03', 1);
INSERT INTO matriculas (id, id_alumno, id_asignatura, fecha_matricula, nota) VALUES (979, 102, 33, '2025-01-25', 9);
INSERT INTO matriculas (id, id_alumno, id_asignatura, fecha_matricula, nota) VALUES (980, 102, 34, '2024-06-28', 5);
INSERT INTO matriculas (id, id_alumno, id_asignatura, fecha_matricula, nota) VALUES (981, 102, 35, '2025-03-16', 3);
INSERT INTO matriculas (id, id_alumno, id_asignatura, fecha_matricula, nota) VALUES (982, 102, 36, '2024-06-04', 10);
INSERT INTO matriculas (id, id_alumno, id_asignatura, fecha_matricula, nota) VALUES (983, 102, 37, '2024-07-04', 8);
INSERT INTO matriculas (id, id_alumno, id_asignatura, fecha_matricula, nota) VALUES (984, 102, 38, '2024-06-11', 10);
INSERT INTO matriculas (id, id_alumno, id_asignatura, fecha_matricula, nota) VALUES (985, 102, 39, '2024-08-13', 4);
INSERT INTO matriculas (id, id_alumno, id_asignatura, fecha_matricula, nota) VALUES (986, 103, 30, '2024-05-23', 3);
INSERT INTO matriculas (id, id_alumno, id_asignatura, fecha_matricula, nota) VALUES (987, 103, 31, '2025-01-29', 3);
INSERT INTO matriculas (id, id_alumno, id_asignatura, fecha_matricula, nota) VALUES (988, 103, 32, '2025-04-19', 1);
INSERT INTO matriculas (id, id_alumno, id_asignatura, fecha_matricula, nota) VALUES (989, 103, 33, '2025-01-11', 8);
INSERT INTO matriculas (id, id_alumno, id_asignatura, fecha_matricula, nota) VALUES (990, 103, 34, '2024-07-30', 4);
INSERT INTO matriculas (id, id_alumno, id_asignatura, fecha_matricula, nota) VALUES (991, 103, 35, '2025-01-15', 10);
INSERT INTO matriculas (id, id_alumno, id_asignatura, fecha_matricula, nota) VALUES (992, 103, 36, '2024-11-18', 5);
INSERT INTO matriculas (id, id_alumno, id_asignatura, fecha_matricula, nota) VALUES (993, 103, 37, '2025-04-30', 3);
INSERT INTO matriculas (id, id_alumno, id_asignatura, fecha_matricula, nota) VALUES (994, 103, 38, '2024-09-21', 5);
INSERT INTO matriculas (id, id_alumno, id_asignatura, fecha_matricula, nota) VALUES (995, 103, 39, '2025-02-12', 10);
INSERT INTO matriculas (id, id_alumno, id_asignatura, fecha_matricula, nota) VALUES (996, 104, 30, '2024-10-04', 7);
INSERT INTO matriculas (id, id_alumno, id_asignatura, fecha_matricula, nota) VALUES (997, 104, 31, '2024-12-09', 4);
INSERT INTO matriculas (id, id_alumno, id_asignatura, fecha_matricula, nota) VALUES (998, 104, 32, '2024-09-18', 9);
INSERT INTO matriculas (id, id_alumno, id_asignatura, fecha_matricula, nota) VALUES (999, 104, 33, '2025-04-07', 2);
INSERT INTO matriculas (id, id_alumno, id_asignatura, fecha_matricula, nota) VALUES (1000, 104, 34, '2025-02-17', 2);
INSERT INTO matriculas (id, id_alumno, id_asignatura, fecha_matricula, nota) VALUES (1001, 104, 35, '2024-06-16', 0);
INSERT INTO matriculas (id, id_alumno, id_asignatura, fecha_matricula, nota) VALUES (1002, 104, 36, '2025-02-01', 8);
INSERT INTO matriculas (id, id_alumno, id_asignatura, fecha_matricula, nota) VALUES (1003, 104, 37, '2025-02-17', 8);
INSERT INTO matriculas (id, id_alumno, id_asignatura, fecha_matricula, nota) VALUES (1004, 104, 38, '2025-03-09', 5);
INSERT INTO matriculas (id, id_alumno, id_asignatura, fecha_matricula, nota) VALUES (1005, 104, 39, '2024-11-17', 5);
INSERT INTO matriculas (id, id_alumno, id_asignatura, fecha_matricula, nota) VALUES (1006, 105, 30, '2025-02-04', 9);
INSERT INTO matriculas (id, id_alumno, id_asignatura, fecha_matricula, nota) VALUES (1007, 105, 31, '2024-12-19', 10);
INSERT INTO matriculas (id, id_alumno, id_asignatura, fecha_matricula, nota) VALUES (1008, 105, 32, '2025-02-12', 0);
INSERT INTO matriculas (id, id_alumno, id_asignatura, fecha_matricula, nota) VALUES (1009, 105, 33, '2024-11-04', 2);
INSERT INTO matriculas (id, id_alumno, id_asignatura, fecha_matricula, nota) VALUES (1010, 105, 34, '2024-05-15', 6);
INSERT INTO matriculas (id, id_alumno, id_asignatura, fecha_matricula, nota) VALUES (1011, 105, 35, '2025-03-02', 2);
INSERT INTO matriculas (id, id_alumno, id_asignatura, fecha_matricula, nota) VALUES (1012, 105, 36, '2024-07-23', 2);
INSERT INTO matriculas (id, id_alumno, id_asignatura, fecha_matricula, nota) VALUES (1013, 105, 37, '2024-12-02', 8);
INSERT INTO matriculas (id, id_alumno, id_asignatura, fecha_matricula, nota) VALUES (1014, 105, 38, '2025-03-14', 1);
INSERT INTO matriculas (id, id_alumno, id_asignatura, fecha_matricula, nota) VALUES (1015, 105, 39, '2024-10-12', 2);
INSERT INTO matriculas (id, id_alumno, id_asignatura, fecha_matricula, nota) VALUES (1016, 106, 30, '2024-05-14', 3);
INSERT INTO matriculas (id, id_alumno, id_asignatura, fecha_matricula, nota) VALUES (1017, 106, 31, '2024-10-13', 7);
INSERT INTO matriculas (id, id_alumno, id_asignatura, fecha_matricula, nota) VALUES (1018, 106, 32, '2025-01-19', 9);
INSERT INTO matriculas (id, id_alumno, id_asignatura, fecha_matricula, nota) VALUES (1019, 106, 33, '2024-10-18', 3);
INSERT INTO matriculas (id, id_alumno, id_asignatura, fecha_matricula, nota) VALUES (1020, 106, 34, '2024-12-20', 3);
INSERT INTO matriculas (id, id_alumno, id_asignatura, fecha_matricula, nota) VALUES (1021, 106, 35, '2024-12-06', 2);
INSERT INTO matriculas (id, id_alumno, id_asignatura, fecha_matricula, nota) VALUES (1022, 106, 36, '2024-12-09', 3);
INSERT INTO matriculas (id, id_alumno, id_asignatura, fecha_matricula, nota) VALUES (1023, 106, 37, '2024-08-08', 6);
INSERT INTO matriculas (id, id_alumno, id_asignatura, fecha_matricula, nota) VALUES (1024, 106, 38, '2024-06-15', 5);
INSERT INTO matriculas (id, id_alumno, id_asignatura, fecha_matricula, nota) VALUES (1025, 106, 39, '2024-06-06', 9);
INSERT INTO matriculas (id, id_alumno, id_asignatura, fecha_matricula, nota) VALUES (1026, 107, 30, '2025-04-05', 9);
INSERT INTO matriculas (id, id_alumno, id_asignatura, fecha_matricula, nota) VALUES (1027, 107, 31, '2024-09-13', 2);
INSERT INTO matriculas (id, id_alumno, id_asignatura, fecha_matricula, nota) VALUES (1028, 107, 32, '2024-10-14', 10);
INSERT INTO matriculas (id, id_alumno, id_asignatura, fecha_matricula, nota) VALUES (1029, 107, 33, '2024-11-28', 7);
INSERT INTO matriculas (id, id_alumno, id_asignatura, fecha_matricula, nota) VALUES (1030, 107, 34, '2024-09-02', 1);
INSERT INTO matriculas (id, id_alumno, id_asignatura, fecha_matricula, nota) VALUES (1031, 107, 35, '2025-01-12', 9);
INSERT INTO matriculas (id, id_alumno, id_asignatura, fecha_matricula, nota) VALUES (1032, 107, 36, '2024-07-28', 0);
INSERT INTO matriculas (id, id_alumno, id_asignatura, fecha_matricula, nota) VALUES (1033, 107, 37, '2024-11-13', 8);
INSERT INTO matriculas (id, id_alumno, id_asignatura, fecha_matricula, nota) VALUES (1034, 107, 38, '2024-11-01', 9);
INSERT INTO matriculas (id, id_alumno, id_asignatura, fecha_matricula, nota) VALUES (1035, 107, 39, '2024-07-12', 5);
INSERT INTO matriculas (id, id_alumno, id_asignatura, fecha_matricula, nota) VALUES (1036, 108, 30, '2025-01-06', 7);
INSERT INTO matriculas (id, id_alumno, id_asignatura, fecha_matricula, nota) VALUES (1037, 108, 31, '2025-01-11', 7);
INSERT INTO matriculas (id, id_alumno, id_asignatura, fecha_matricula, nota) VALUES (1038, 108, 32, '2025-04-18', 4);
INSERT INTO matriculas (id, id_alumno, id_asignatura, fecha_matricula, nota) VALUES (1039, 108, 33, '2025-01-20', 0);
INSERT INTO matriculas (id, id_alumno, id_asignatura, fecha_matricula, nota) VALUES (1040, 108, 34, '2024-12-18', 3);
INSERT INTO matriculas (id, id_alumno, id_asignatura, fecha_matricula, nota) VALUES (1041, 108, 35, '2024-12-19', 8);
INSERT INTO matriculas (id, id_alumno, id_asignatura, fecha_matricula, nota) VALUES (1042, 108, 36, '2024-08-25', 10);
INSERT INTO matriculas (id, id_alumno, id_asignatura, fecha_matricula, nota) VALUES (1043, 108, 37, '2024-11-24', 2);
INSERT INTO matriculas (id, id_alumno, id_asignatura, fecha_matricula, nota) VALUES (1044, 108, 38, '2024-12-02', 10);
INSERT INTO matriculas (id, id_alumno, id_asignatura, fecha_matricula, nota) VALUES (1045, 108, 39, '2024-11-04', 7);
INSERT INTO matriculas (id, id_alumno, id_asignatura, fecha_matricula, nota) VALUES (1046, 109, 30, '2025-03-08', 7);
INSERT INTO matriculas (id, id_alumno, id_asignatura, fecha_matricula, nota) VALUES (1047, 109, 31, '2024-09-24', 8);
INSERT INTO matriculas (id, id_alumno, id_asignatura, fecha_matricula, nota) VALUES (1048, 109, 32, '2024-06-13', 5);
INSERT INTO matriculas (id, id_alumno, id_asignatura, fecha_matricula, nota) VALUES (1049, 109, 33, '2025-03-26', 1);
INSERT INTO matriculas (id, id_alumno, id_asignatura, fecha_matricula, nota) VALUES (1050, 109, 34, '2025-04-14', 4);
INSERT INTO matriculas (id, id_alumno, id_asignatura, fecha_matricula, nota) VALUES (1051, 109, 35, '2025-02-10', 2);
INSERT INTO matriculas (id, id_alumno, id_asignatura, fecha_matricula, nota) VALUES (1052, 109, 36, '2024-05-06', 9);
INSERT INTO matriculas (id, id_alumno, id_asignatura, fecha_matricula, nota) VALUES (1053, 109, 37, '2024-09-15', 6);
INSERT INTO matriculas (id, id_alumno, id_asignatura, fecha_matricula, nota) VALUES (1054, 109, 38, '2025-02-24', 3);
INSERT INTO matriculas (id, id_alumno, id_asignatura, fecha_matricula, nota) VALUES (1055, 109, 39, '2024-09-17', 5);
INSERT INTO matriculas (id, id_alumno, id_asignatura, fecha_matricula, nota) VALUES (1056, 110, 30, '2024-10-31', 4);
INSERT INTO matriculas (id, id_alumno, id_asignatura, fecha_matricula, nota) VALUES (1057, 110, 31, '2024-07-03', 6);
INSERT INTO matriculas (id, id_alumno, id_asignatura, fecha_matricula, nota) VALUES (1058, 110, 32, '2024-11-28', 0);
INSERT INTO matriculas (id, id_alumno, id_asignatura, fecha_matricula, nota) VALUES (1059, 110, 33, '2024-08-20', 3);
INSERT INTO matriculas (id, id_alumno, id_asignatura, fecha_matricula, nota) VALUES (1060, 110, 34, '2024-05-25', 0);
INSERT INTO matriculas (id, id_alumno, id_asignatura, fecha_matricula, nota) VALUES (1061, 110, 35, '2024-05-30', 5);
INSERT INTO matriculas (id, id_alumno, id_asignatura, fecha_matricula, nota) VALUES (1062, 110, 36, '2024-10-28', 3);
INSERT INTO matriculas (id, id_alumno, id_asignatura, fecha_matricula, nota) VALUES (1063, 110, 37, '2024-07-15', 5);
INSERT INTO matriculas (id, id_alumno, id_asignatura, fecha_matricula, nota) VALUES (1064, 110, 38, '2025-03-11', 7);
INSERT INTO matriculas (id, id_alumno, id_asignatura, fecha_matricula, nota) VALUES (1065, 110, 39, '2025-03-23', 10);
INSERT INTO matriculas (id, id_alumno, id_asignatura, fecha_matricula, nota) VALUES (1066, 111, 30, '2024-11-13', 10);
INSERT INTO matriculas (id, id_alumno, id_asignatura, fecha_matricula, nota) VALUES (1067, 111, 31, '2025-01-15', 10);
INSERT INTO matriculas (id, id_alumno, id_asignatura, fecha_matricula, nota) VALUES (1068, 111, 32, '2025-04-15', 3);
INSERT INTO matriculas (id, id_alumno, id_asignatura, fecha_matricula, nota) VALUES (1069, 111, 33, '2024-08-31', 4);
INSERT INTO matriculas (id, id_alumno, id_asignatura, fecha_matricula, nota) VALUES (1070, 111, 34, '2025-01-08', 5);
INSERT INTO matriculas (id, id_alumno, id_asignatura, fecha_matricula, nota) VALUES (1071, 111, 35, '2024-11-20', 10);
INSERT INTO matriculas (id, id_alumno, id_asignatura, fecha_matricula, nota) VALUES (1072, 111, 36, '2024-07-04', 2);
INSERT INTO matriculas (id, id_alumno, id_asignatura, fecha_matricula, nota) VALUES (1073, 111, 37, '2024-07-07', 4);
INSERT INTO matriculas (id, id_alumno, id_asignatura, fecha_matricula, nota) VALUES (1074, 111, 38, '2024-12-22', 0);
INSERT INTO matriculas (id, id_alumno, id_asignatura, fecha_matricula, nota) VALUES (1075, 111, 39, '2024-06-02', 5);
INSERT INTO matriculas (id, id_alumno, id_asignatura, fecha_matricula, nota) VALUES (1076, 112, 30, '2025-01-23', 9);
INSERT INTO matriculas (id, id_alumno, id_asignatura, fecha_matricula, nota) VALUES (1077, 112, 31, '2024-08-07', 8);
INSERT INTO matriculas (id, id_alumno, id_asignatura, fecha_matricula, nota) VALUES (1078, 112, 32, '2025-05-01', 0);
INSERT INTO matriculas (id, id_alumno, id_asignatura, fecha_matricula, nota) VALUES (1079, 112, 33, '2024-11-16', 10);
INSERT INTO matriculas (id, id_alumno, id_asignatura, fecha_matricula, nota) VALUES (1080, 112, 34, '2025-01-27', 2);
INSERT INTO matriculas (id, id_alumno, id_asignatura, fecha_matricula, nota) VALUES (1081, 112, 35, '2025-02-05', 5);
INSERT INTO matriculas (id, id_alumno, id_asignatura, fecha_matricula, nota) VALUES (1082, 112, 36, '2024-07-07', 0);
INSERT INTO matriculas (id, id_alumno, id_asignatura, fecha_matricula, nota) VALUES (1083, 112, 37, '2024-10-31', 7);
INSERT INTO matriculas (id, id_alumno, id_asignatura, fecha_matricula, nota) VALUES (1084, 112, 38, '2024-05-20', 10);
INSERT INTO matriculas (id, id_alumno, id_asignatura, fecha_matricula, nota) VALUES (1085, 112, 39, '2024-06-22', 0);
INSERT INTO matriculas (id, id_alumno, id_asignatura, fecha_matricula, nota) VALUES (1086, 113, 30, '2025-03-15', 0);
INSERT INTO matriculas (id, id_alumno, id_asignatura, fecha_matricula, nota) VALUES (1087, 113, 31, '2024-11-22', 3);
INSERT INTO matriculas (id, id_alumno, id_asignatura, fecha_matricula, nota) VALUES (1088, 113, 32, '2024-09-19', 0);
INSERT INTO matriculas (id, id_alumno, id_asignatura, fecha_matricula, nota) VALUES (1089, 113, 33, '2025-02-21', 0);
INSERT INTO matriculas (id, id_alumno, id_asignatura, fecha_matricula, nota) VALUES (1090, 113, 34, '2024-09-13', 3);
INSERT INTO matriculas (id, id_alumno, id_asignatura, fecha_matricula, nota) VALUES (1091, 113, 35, '2024-10-19', 10);
INSERT INTO matriculas (id, id_alumno, id_asignatura, fecha_matricula, nota) VALUES (1092, 113, 36, '2024-09-18', 5);
INSERT INTO matriculas (id, id_alumno, id_asignatura, fecha_matricula, nota) VALUES (1093, 113, 37, '2024-08-01', 1);
INSERT INTO matriculas (id, id_alumno, id_asignatura, fecha_matricula, nota) VALUES (1094, 113, 38, '2025-04-29', 0);
INSERT INTO matriculas (id, id_alumno, id_asignatura, fecha_matricula, nota) VALUES (1095, 113, 39, '2024-06-18', 5);
INSERT INTO matriculas (id, id_alumno, id_asignatura, fecha_matricula, nota) VALUES (1096, 114, 30, '2025-03-26', 10);
INSERT INTO matriculas (id, id_alumno, id_asignatura, fecha_matricula, nota) VALUES (1097, 114, 31, '2024-10-12', 6);
INSERT INTO matriculas (id, id_alumno, id_asignatura, fecha_matricula, nota) VALUES (1098, 114, 32, '2025-03-09', 2);
INSERT INTO matriculas (id, id_alumno, id_asignatura, fecha_matricula, nota) VALUES (1099, 114, 33, '2025-02-18', 3);
INSERT INTO matriculas (id, id_alumno, id_asignatura, fecha_matricula, nota) VALUES (1100, 114, 34, '2024-11-10', 7);
INSERT INTO matriculas (id, id_alumno, id_asignatura, fecha_matricula, nota) VALUES (1101, 114, 35, '2025-02-09', 6);
INSERT INTO matriculas (id, id_alumno, id_asignatura, fecha_matricula, nota) VALUES (1102, 114, 36, '2024-12-26', 2);
INSERT INTO matriculas (id, id_alumno, id_asignatura, fecha_matricula, nota) VALUES (1103, 114, 37, '2024-12-16', 5);
INSERT INTO matriculas (id, id_alumno, id_asignatura, fecha_matricula, nota) VALUES (1104, 114, 38, '2024-11-21', 4);
INSERT INTO matriculas (id, id_alumno, id_asignatura, fecha_matricula, nota) VALUES (1105, 114, 39, '2025-04-16', 2);
INSERT INTO matriculas (id, id_alumno, id_asignatura, fecha_matricula, nota) VALUES (1106, 115, 30, '2024-06-09', 10);
INSERT INTO matriculas (id, id_alumno, id_asignatura, fecha_matricula, nota) VALUES (1107, 115, 31, '2024-12-14', 5);
INSERT INTO matriculas (id, id_alumno, id_asignatura, fecha_matricula, nota) VALUES (1108, 115, 32, '2024-12-25', 6);
INSERT INTO matriculas (id, id_alumno, id_asignatura, fecha_matricula, nota) VALUES (1109, 115, 33, '2025-02-06', 6);
INSERT INTO matriculas (id, id_alumno, id_asignatura, fecha_matricula, nota) VALUES (1110, 115, 34, '2024-12-22', 0);
INSERT INTO matriculas (id, id_alumno, id_asignatura, fecha_matricula, nota) VALUES (1111, 115, 35, '2024-11-03', 6);
INSERT INTO matriculas (id, id_alumno, id_asignatura, fecha_matricula, nota) VALUES (1112, 115, 36, '2024-08-31', 4);
INSERT INTO matriculas (id, id_alumno, id_asignatura, fecha_matricula, nota) VALUES (1113, 115, 37, '2024-05-17', 8);
INSERT INTO matriculas (id, id_alumno, id_asignatura, fecha_matricula, nota) VALUES (1114, 115, 38, '2024-09-15', 8);
INSERT INTO matriculas (id, id_alumno, id_asignatura, fecha_matricula, nota) VALUES (1115, 115, 39, '2024-12-01', 10);
INSERT INTO matriculas (id, id_alumno, id_asignatura, fecha_matricula, nota) VALUES (1116, 116, 30, '2024-11-08', 7);
INSERT INTO matriculas (id, id_alumno, id_asignatura, fecha_matricula, nota) VALUES (1117, 116, 31, '2024-06-21', 0);
INSERT INTO matriculas (id, id_alumno, id_asignatura, fecha_matricula, nota) VALUES (1118, 116, 32, '2025-01-16', 9);
INSERT INTO matriculas (id, id_alumno, id_asignatura, fecha_matricula, nota) VALUES (1119, 116, 33, '2025-03-19', 1);
INSERT INTO matriculas (id, id_alumno, id_asignatura, fecha_matricula, nota) VALUES (1120, 116, 34, '2025-01-21', 6);
INSERT INTO matriculas (id, id_alumno, id_asignatura, fecha_matricula, nota) VALUES (1121, 116, 35, '2025-05-04', 6);
INSERT INTO matriculas (id, id_alumno, id_asignatura, fecha_matricula, nota) VALUES (1122, 116, 36, '2025-03-13', 2);
INSERT INTO matriculas (id, id_alumno, id_asignatura, fecha_matricula, nota) VALUES (1123, 116, 37, '2024-12-09', 0);
INSERT INTO matriculas (id, id_alumno, id_asignatura, fecha_matricula, nota) VALUES (1124, 116, 38, '2025-02-09', 8);
INSERT INTO matriculas (id, id_alumno, id_asignatura, fecha_matricula, nota) VALUES (1125, 116, 39, '2024-08-30', 2);
INSERT INTO matriculas (id, id_alumno, id_asignatura, fecha_matricula, nota) VALUES (1126, 117, 30, '2025-04-07', 9);
INSERT INTO matriculas (id, id_alumno, id_asignatura, fecha_matricula, nota) VALUES (1127, 117, 31, '2025-04-20', 10);
INSERT INTO matriculas (id, id_alumno, id_asignatura, fecha_matricula, nota) VALUES (1128, 117, 32, '2025-04-25', 8);
INSERT INTO matriculas (id, id_alumno, id_asignatura, fecha_matricula, nota) VALUES (1129, 117, 33, '2024-06-14', 2);
INSERT INTO matriculas (id, id_alumno, id_asignatura, fecha_matricula, nota) VALUES (1130, 117, 34, '2024-12-30', 1);
INSERT INTO matriculas (id, id_alumno, id_asignatura, fecha_matricula, nota) VALUES (1131, 117, 35, '2025-03-08', 5);
INSERT INTO matriculas (id, id_alumno, id_asignatura, fecha_matricula, nota) VALUES (1132, 117, 36, '2024-09-27', 3);
INSERT INTO matriculas (id, id_alumno, id_asignatura, fecha_matricula, nota) VALUES (1133, 117, 37, '2024-05-22', 2);
INSERT INTO matriculas (id, id_alumno, id_asignatura, fecha_matricula, nota) VALUES (1134, 117, 38, '2025-04-24', 3);
INSERT INTO matriculas (id, id_alumno, id_asignatura, fecha_matricula, nota) VALUES (1135, 117, 39, '2025-03-03', 0);
INSERT INTO matriculas (id, id_alumno, id_asignatura, fecha_matricula, nota) VALUES (1136, 118, 30, '2024-12-19', 2);
INSERT INTO matriculas (id, id_alumno, id_asignatura, fecha_matricula, nota) VALUES (1137, 118, 31, '2025-02-26', 10);
INSERT INTO matriculas (id, id_alumno, id_asignatura, fecha_matricula, nota) VALUES (1138, 118, 32, '2024-07-15', 8);
INSERT INTO matriculas (id, id_alumno, id_asignatura, fecha_matricula, nota) VALUES (1139, 118, 33, '2025-03-09', 2);
INSERT INTO matriculas (id, id_alumno, id_asignatura, fecha_matricula, nota) VALUES (1140, 118, 34, '2024-09-03', 1);
INSERT INTO matriculas (id, id_alumno, id_asignatura, fecha_matricula, nota) VALUES (1141, 118, 35, '2025-01-18', 6);
INSERT INTO matriculas (id, id_alumno, id_asignatura, fecha_matricula, nota) VALUES (1142, 118, 36, '2025-04-10', 9);
INSERT INTO matriculas (id, id_alumno, id_asignatura, fecha_matricula, nota) VALUES (1143, 118, 37, '2024-07-15', 1);
INSERT INTO matriculas (id, id_alumno, id_asignatura, fecha_matricula, nota) VALUES (1144, 118, 38, '2024-09-15', 9);
INSERT INTO matriculas (id, id_alumno, id_asignatura, fecha_matricula, nota) VALUES (1145, 118, 39, '2025-03-21', 10);
INSERT INTO matriculas (id, id_alumno, id_asignatura, fecha_matricula, nota) VALUES (1146, 119, 30, '2024-11-07', 7);
INSERT INTO matriculas (id, id_alumno, id_asignatura, fecha_matricula, nota) VALUES (1147, 119, 31, '2024-08-01', 2);
INSERT INTO matriculas (id, id_alumno, id_asignatura, fecha_matricula, nota) VALUES (1148, 119, 32, '2024-09-30', 9);
INSERT INTO matriculas (id, id_alumno, id_asignatura, fecha_matricula, nota) VALUES (1149, 119, 33, '2025-03-23', 9);
INSERT INTO matriculas (id, id_alumno, id_asignatura, fecha_matricula, nota) VALUES (1150, 119, 34, '2024-09-14', 0);
INSERT INTO matriculas (id, id_alumno, id_asignatura, fecha_matricula, nota) VALUES (1151, 119, 35, '2025-01-04', 4);
INSERT INTO matriculas (id, id_alumno, id_asignatura, fecha_matricula, nota) VALUES (1152, 119, 36, '2025-03-29', 5);
INSERT INTO matriculas (id, id_alumno, id_asignatura, fecha_matricula, nota) VALUES (1153, 119, 37, '2025-02-04', 6);
INSERT INTO matriculas (id, id_alumno, id_asignatura, fecha_matricula, nota) VALUES (1154, 119, 38, '2024-11-30', 0);
INSERT INTO matriculas (id, id_alumno, id_asignatura, fecha_matricula, nota) VALUES (1155, 119, 39, '2025-03-20', 10);
INSERT INTO matriculas (id, id_alumno, id_asignatura, fecha_matricula, nota) VALUES (1156, 120, 30, '2024-05-11', 0);
INSERT INTO matriculas (id, id_alumno, id_asignatura, fecha_matricula, nota) VALUES (1157, 120, 31, '2024-09-27', 7);
INSERT INTO matriculas (id, id_alumno, id_asignatura, fecha_matricula, nota) VALUES (1158, 120, 32, '2025-04-29', 1);
INSERT INTO matriculas (id, id_alumno, id_asignatura, fecha_matricula, nota) VALUES (1159, 120, 33, '2024-09-14', 5);
INSERT INTO matriculas (id, id_alumno, id_asignatura, fecha_matricula, nota) VALUES (1160, 120, 34, '2024-12-12', 4);
INSERT INTO matriculas (id, id_alumno, id_asignatura, fecha_matricula, nota) VALUES (1161, 120, 35, '2025-04-13', 10);
INSERT INTO matriculas (id, id_alumno, id_asignatura, fecha_matricula, nota) VALUES (1162, 120, 36, '2024-10-26', 2);
INSERT INTO matriculas (id, id_alumno, id_asignatura, fecha_matricula, nota) VALUES (1163, 120, 37, '2024-07-24', 7);
INSERT INTO matriculas (id, id_alumno, id_asignatura, fecha_matricula, nota) VALUES (1164, 120, 38, '2024-10-30', 3);
INSERT INTO matriculas (id, id_alumno, id_asignatura, fecha_matricula, nota) VALUES (1165, 120, 39, '2024-10-14', 8);
INSERT INTO matriculas (id, id_alumno, id_asignatura, fecha_matricula, nota) VALUES (1166, 121, 30, '2024-12-11', 5);
INSERT INTO matriculas (id, id_alumno, id_asignatura, fecha_matricula, nota) VALUES (1167, 121, 31, '2025-02-17', 2);
INSERT INTO matriculas (id, id_alumno, id_asignatura, fecha_matricula, nota) VALUES (1168, 121, 32, '2025-03-05', 6);
INSERT INTO matriculas (id, id_alumno, id_asignatura, fecha_matricula, nota) VALUES (1169, 121, 33, '2024-12-15', 5);
INSERT INTO matriculas (id, id_alumno, id_asignatura, fecha_matricula, nota) VALUES (1170, 121, 34, '2024-09-05', 4);
INSERT INTO matriculas (id, id_alumno, id_asignatura, fecha_matricula, nota) VALUES (1171, 121, 35, '2024-10-20', 7);
INSERT INTO matriculas (id, id_alumno, id_asignatura, fecha_matricula, nota) VALUES (1172, 121, 36, '2024-10-19', 6);
INSERT INTO matriculas (id, id_alumno, id_asignatura, fecha_matricula, nota) VALUES (1173, 121, 37, '2024-11-07', 0);
INSERT INTO matriculas (id, id_alumno, id_asignatura, fecha_matricula, nota) VALUES (1174, 121, 38, '2024-07-18', 4);
INSERT INTO matriculas (id, id_alumno, id_asignatura, fecha_matricula, nota) VALUES (1175, 121, 39, '2024-07-07', 8);
INSERT INTO matriculas (id, id_alumno, id_asignatura, fecha_matricula, nota) VALUES (1176, 122, 30, '2024-11-08', 4);
INSERT INTO matriculas (id, id_alumno, id_asignatura, fecha_matricula, nota) VALUES (1177, 122, 31, '2024-05-25', 8);
INSERT INTO matriculas (id, id_alumno, id_asignatura, fecha_matricula, nota) VALUES (1178, 122, 32, '2025-03-03', 7);
INSERT INTO matriculas (id, id_alumno, id_asignatura, fecha_matricula, nota) VALUES (1179, 122, 33, '2024-07-19', 0);
INSERT INTO matriculas (id, id_alumno, id_asignatura, fecha_matricula, nota) VALUES (1180, 122, 34, '2024-05-22', 8);
INSERT INTO matriculas (id, id_alumno, id_asignatura, fecha_matricula, nota) VALUES (1181, 122, 35, '2024-11-14', 9);
INSERT INTO matriculas (id, id_alumno, id_asignatura, fecha_matricula, nota) VALUES (1182, 122, 36, '2025-03-31', 8);
INSERT INTO matriculas (id, id_alumno, id_asignatura, fecha_matricula, nota) VALUES (1183, 122, 37, '2024-05-06', 4);
INSERT INTO matriculas (id, id_alumno, id_asignatura, fecha_matricula, nota) VALUES (1184, 122, 38, '2024-07-06', 10);
INSERT INTO matriculas (id, id_alumno, id_asignatura, fecha_matricula, nota) VALUES (1185, 122, 39, '2024-06-15', 0);
INSERT INTO matriculas (id, id_alumno, id_asignatura, fecha_matricula, nota) VALUES (1186, 123, 30, '2024-07-08', 7);
INSERT INTO matriculas (id, id_alumno, id_asignatura, fecha_matricula, nota) VALUES (1187, 123, 31, '2024-11-23', 6);
INSERT INTO matriculas (id, id_alumno, id_asignatura, fecha_matricula, nota) VALUES (1188, 123, 32, '2024-07-27', 1);
INSERT INTO matriculas (id, id_alumno, id_asignatura, fecha_matricula, nota) VALUES (1189, 123, 33, '2025-01-25', 6);
INSERT INTO matriculas (id, id_alumno, id_asignatura, fecha_matricula, nota) VALUES (1190, 123, 34, '2025-02-17', 5);
INSERT INTO matriculas (id, id_alumno, id_asignatura, fecha_matricula, nota) VALUES (1191, 123, 35, '2024-06-18', 7);
INSERT INTO matriculas (id, id_alumno, id_asignatura, fecha_matricula, nota) VALUES (1192, 123, 36, '2025-01-27', 0);
INSERT INTO matriculas (id, id_alumno, id_asignatura, fecha_matricula, nota) VALUES (1193, 123, 37, '2024-06-22', 0);
INSERT INTO matriculas (id, id_alumno, id_asignatura, fecha_matricula, nota) VALUES (1194, 123, 38, '2025-03-31', 4);
INSERT INTO matriculas (id, id_alumno, id_asignatura, fecha_matricula, nota) VALUES (1195, 123, 39, '2024-10-19', 0);
INSERT INTO matriculas (id, id_alumno, id_asignatura, fecha_matricula, nota) VALUES (1196, 124, 30, '2024-07-18', 4);
INSERT INTO matriculas (id, id_alumno, id_asignatura, fecha_matricula, nota) VALUES (1197, 124, 31, '2024-11-27', 10);
INSERT INTO matriculas (id, id_alumno, id_asignatura, fecha_matricula, nota) VALUES (1198, 124, 32, '2025-04-22', 10);
INSERT INTO matriculas (id, id_alumno, id_asignatura, fecha_matricula, nota) VALUES (1199, 124, 33, '2024-05-14', 9);
INSERT INTO matriculas (id, id_alumno, id_asignatura, fecha_matricula, nota) VALUES (1200, 124, 34, '2024-07-07', 4);
INSERT INTO matriculas (id, id_alumno, id_asignatura, fecha_matricula, nota) VALUES (1201, 124, 35, '2024-09-29', 10);
INSERT INTO matriculas (id, id_alumno, id_asignatura, fecha_matricula, nota) VALUES (1202, 124, 36, '2024-07-07', 3);
INSERT INTO matriculas (id, id_alumno, id_asignatura, fecha_matricula, nota) VALUES (1203, 124, 37, '2024-06-21', 8);
INSERT INTO matriculas (id, id_alumno, id_asignatura, fecha_matricula, nota) VALUES (1204, 124, 38, '2024-10-16', 8);
INSERT INTO matriculas (id, id_alumno, id_asignatura, fecha_matricula, nota) VALUES (1205, 124, 39, '2025-04-05', 5);
INSERT INTO matriculas (id, id_alumno, id_asignatura, fecha_matricula, nota) VALUES (1206, 125, 30, '2024-09-13', 6);
INSERT INTO matriculas (id, id_alumno, id_asignatura, fecha_matricula, nota) VALUES (1207, 125, 31, '2024-11-21', 4);
INSERT INTO matriculas (id, id_alumno, id_asignatura, fecha_matricula, nota) VALUES (1208, 125, 32, '2025-02-25', 3);
INSERT INTO matriculas (id, id_alumno, id_asignatura, fecha_matricula, nota) VALUES (1209, 125, 33, '2024-08-01', 1);
INSERT INTO matriculas (id, id_alumno, id_asignatura, fecha_matricula, nota) VALUES (1210, 125, 34, '2025-01-23', 9);
INSERT INTO matriculas (id, id_alumno, id_asignatura, fecha_matricula, nota) VALUES (1211, 125, 35, '2024-10-30', 5);
INSERT INTO matriculas (id, id_alumno, id_asignatura, fecha_matricula, nota) VALUES (1212, 125, 36, '2024-05-29', 3);
INSERT INTO matriculas (id, id_alumno, id_asignatura, fecha_matricula, nota) VALUES (1213, 125, 37, '2024-06-18', 9);
INSERT INTO matriculas (id, id_alumno, id_asignatura, fecha_matricula, nota) VALUES (1214, 125, 38, '2024-06-17', 10);
INSERT INTO matriculas (id, id_alumno, id_asignatura, fecha_matricula, nota) VALUES (1215, 125, 39, '2024-07-22', 8);
INSERT INTO matriculas (id, id_alumno, id_asignatura, fecha_matricula, nota) VALUES (1216, 126, 30, '2024-11-25', 10);
INSERT INTO matriculas (id, id_alumno, id_asignatura, fecha_matricula, nota) VALUES (1217, 126, 31, '2024-06-15', 5);
INSERT INTO matriculas (id, id_alumno, id_asignatura, fecha_matricula, nota) VALUES (1218, 126, 32, '2024-06-15', 2);
INSERT INTO matriculas (id, id_alumno, id_asignatura, fecha_matricula, nota) VALUES (1219, 126, 33, '2024-12-10', 2);
INSERT INTO matriculas (id, id_alumno, id_asignatura, fecha_matricula, nota) VALUES (1220, 126, 34, '2025-05-06', 5);
INSERT INTO matriculas (id, id_alumno, id_asignatura, fecha_matricula, nota) VALUES (1221, 126, 35, '2025-02-09', 0);
INSERT INTO matriculas (id, id_alumno, id_asignatura, fecha_matricula, nota) VALUES (1222, 126, 36, '2024-06-08', 9);
INSERT INTO matriculas (id, id_alumno, id_asignatura, fecha_matricula, nota) VALUES (1223, 126, 37, '2025-01-01', 0);
INSERT INTO matriculas (id, id_alumno, id_asignatura, fecha_matricula, nota) VALUES (1224, 126, 38, '2024-06-05', 9);
INSERT INTO matriculas (id, id_alumno, id_asignatura, fecha_matricula, nota) VALUES (1225, 126, 39, '2024-05-09', 2);
INSERT INTO matriculas (id, id_alumno, id_asignatura, fecha_matricula, nota) VALUES (1226, 127, 30, '2025-05-04', 5);
INSERT INTO matriculas (id, id_alumno, id_asignatura, fecha_matricula, nota) VALUES (1227, 127, 31, '2024-07-14', 5);
INSERT INTO matriculas (id, id_alumno, id_asignatura, fecha_matricula, nota) VALUES (1228, 127, 32, '2024-08-12', 4);
INSERT INTO matriculas (id, id_alumno, id_asignatura, fecha_matricula, nota) VALUES (1229, 127, 33, '2025-05-04', 10);
INSERT INTO matriculas (id, id_alumno, id_asignatura, fecha_matricula, nota) VALUES (1230, 127, 34, '2024-10-30', 4);
INSERT INTO matriculas (id, id_alumno, id_asignatura, fecha_matricula, nota) VALUES (1231, 127, 35, '2024-12-17', 5);
INSERT INTO matriculas (id, id_alumno, id_asignatura, fecha_matricula, nota) VALUES (1232, 127, 36, '2024-11-25', 7);
INSERT INTO matriculas (id, id_alumno, id_asignatura, fecha_matricula, nota) VALUES (1233, 127, 37, '2025-04-25', 6);
INSERT INTO matriculas (id, id_alumno, id_asignatura, fecha_matricula, nota) VALUES (1234, 127, 38, '2024-07-01', 9);
INSERT INTO matriculas (id, id_alumno, id_asignatura, fecha_matricula, nota) VALUES (1235, 127, 39, '2024-09-03', 6);
INSERT INTO matriculas (id, id_alumno, id_asignatura, fecha_matricula, nota) VALUES (1236, 128, 30, '2025-01-16', 2);
INSERT INTO matriculas (id, id_alumno, id_asignatura, fecha_matricula, nota) VALUES (1237, 128, 31, '2024-08-28', 0);
INSERT INTO matriculas (id, id_alumno, id_asignatura, fecha_matricula, nota) VALUES (1238, 128, 32, '2025-03-27', 2);
INSERT INTO matriculas (id, id_alumno, id_asignatura, fecha_matricula, nota) VALUES (1239, 128, 33, '2024-12-13', 9);
INSERT INTO matriculas (id, id_alumno, id_asignatura, fecha_matricula, nota) VALUES (1240, 128, 34, '2024-12-11', 0);
INSERT INTO matriculas (id, id_alumno, id_asignatura, fecha_matricula, nota) VALUES (1241, 128, 35, '2024-12-29', 7);
INSERT INTO matriculas (id, id_alumno, id_asignatura, fecha_matricula, nota) VALUES (1242, 128, 36, '2024-07-31', 2);
INSERT INTO matriculas (id, id_alumno, id_asignatura, fecha_matricula, nota) VALUES (1243, 128, 37, '2024-09-08', 5);
INSERT INTO matriculas (id, id_alumno, id_asignatura, fecha_matricula, nota) VALUES (1244, 128, 38, '2024-08-22', 0);
INSERT INTO matriculas (id, id_alumno, id_asignatura, fecha_matricula, nota) VALUES (1245, 128, 39, '2025-02-26', 7);
INSERT INTO matriculas (id, id_alumno, id_asignatura, fecha_matricula, nota) VALUES (1246, 129, 30, '2024-06-25', 10);
INSERT INTO matriculas (id, id_alumno, id_asignatura, fecha_matricula, nota) VALUES (1247, 129, 31, '2025-05-04', 10);
INSERT INTO matriculas (id, id_alumno, id_asignatura, fecha_matricula, nota) VALUES (1248, 129, 32, '2025-02-14', 4);
INSERT INTO matriculas (id, id_alumno, id_asignatura, fecha_matricula, nota) VALUES (1249, 129, 33, '2025-01-08', 9);
INSERT INTO matriculas (id, id_alumno, id_asignatura, fecha_matricula, nota) VALUES (1250, 129, 34, '2024-11-14', 3);
INSERT INTO matriculas (id, id_alumno, id_asignatura, fecha_matricula, nota) VALUES (1251, 129, 35, '2024-07-09', 1);
INSERT INTO matriculas (id, id_alumno, id_asignatura, fecha_matricula, nota) VALUES (1252, 129, 36, '2024-09-10', 8);
INSERT INTO matriculas (id, id_alumno, id_asignatura, fecha_matricula, nota) VALUES (1253, 129, 37, '2025-05-01', 6);
INSERT INTO matriculas (id, id_alumno, id_asignatura, fecha_matricula, nota) VALUES (1254, 129, 38, '2025-04-27', 4);
INSERT INTO matriculas (id, id_alumno, id_asignatura, fecha_matricula, nota) VALUES (1255, 129, 39, '2025-01-20', 2);
INSERT INTO matriculas (id, id_alumno, id_asignatura, fecha_matricula, nota) VALUES (1256, 130, 30, '2024-07-22', 8);
INSERT INTO matriculas (id, id_alumno, id_asignatura, fecha_matricula, nota) VALUES (1257, 130, 31, '2024-08-06', 2);
INSERT INTO matriculas (id, id_alumno, id_asignatura, fecha_matricula, nota) VALUES (1258, 130, 32, '2024-06-24', 1);
INSERT INTO matriculas (id, id_alumno, id_asignatura, fecha_matricula, nota) VALUES (1259, 130, 33, '2025-02-19', 10);
INSERT INTO matriculas (id, id_alumno, id_asignatura, fecha_matricula, nota) VALUES (1260, 130, 34, '2025-01-02', 10);
INSERT INTO matriculas (id, id_alumno, id_asignatura, fecha_matricula, nota) VALUES (1261, 130, 35, '2025-04-27', 2);
INSERT INTO matriculas (id, id_alumno, id_asignatura, fecha_matricula, nota) VALUES (1262, 130, 36, '2024-10-05', 9);
INSERT INTO matriculas (id, id_alumno, id_asignatura, fecha_matricula, nota) VALUES (1263, 130, 37, '2024-11-06', 1);
INSERT INTO matriculas (id, id_alumno, id_asignatura, fecha_matricula, nota) VALUES (1264, 130, 38, '2024-09-30', 8);
INSERT INTO matriculas (id, id_alumno, id_asignatura, fecha_matricula, nota) VALUES (1265, 130, 39, '2024-05-29', 10);
INSERT INTO matriculas (id, id_alumno, id_asignatura, fecha_matricula, nota) VALUES (1266, 131, 30, '2024-12-20', 8);
INSERT INTO matriculas (id, id_alumno, id_asignatura, fecha_matricula, nota) VALUES (1267, 131, 31, '2024-07-15', 9);
INSERT INTO matriculas (id, id_alumno, id_asignatura, fecha_matricula, nota) VALUES (1268, 131, 32, '2024-12-28', 6);
INSERT INTO matriculas (id, id_alumno, id_asignatura, fecha_matricula, nota) VALUES (1269, 131, 33, '2025-03-09', 6);
INSERT INTO matriculas (id, id_alumno, id_asignatura, fecha_matricula, nota) VALUES (1270, 131, 34, '2024-05-13', 4);
INSERT INTO matriculas (id, id_alumno, id_asignatura, fecha_matricula, nota) VALUES (1271, 131, 35, '2024-08-23', 4);
INSERT INTO matriculas (id, id_alumno, id_asignatura, fecha_matricula, nota) VALUES (1272, 131, 36, '2024-06-13', 4);
INSERT INTO matriculas (id, id_alumno, id_asignatura, fecha_matricula, nota) VALUES (1273, 131, 37, '2025-03-21', 0);
INSERT INTO matriculas (id, id_alumno, id_asignatura, fecha_matricula, nota) VALUES (1274, 131, 38, '2024-05-24', 6);
INSERT INTO matriculas (id, id_alumno, id_asignatura, fecha_matricula, nota) VALUES (1275, 131, 39, '2024-10-19', 4);
INSERT INTO matriculas (id, id_alumno, id_asignatura, fecha_matricula, nota) VALUES (1276, 132, 30, '2024-05-19', 4);
INSERT INTO matriculas (id, id_alumno, id_asignatura, fecha_matricula, nota) VALUES (1277, 132, 31, '2024-07-03', 8);
INSERT INTO matriculas (id, id_alumno, id_asignatura, fecha_matricula, nota) VALUES (1278, 132, 32, '2024-07-27', 8);
INSERT INTO matriculas (id, id_alumno, id_asignatura, fecha_matricula, nota) VALUES (1279, 132, 33, '2025-04-25', 8);
INSERT INTO matriculas (id, id_alumno, id_asignatura, fecha_matricula, nota) VALUES (1280, 132, 34, '2025-04-24', 5);
INSERT INTO matriculas (id, id_alumno, id_asignatura, fecha_matricula, nota) VALUES (1281, 132, 35, '2024-09-01', 5);
INSERT INTO matriculas (id, id_alumno, id_asignatura, fecha_matricula, nota) VALUES (1282, 132, 36, '2024-06-04', 3);
INSERT INTO matriculas (id, id_alumno, id_asignatura, fecha_matricula, nota) VALUES (1283, 132, 37, '2025-01-19', 6);
INSERT INTO matriculas (id, id_alumno, id_asignatura, fecha_matricula, nota) VALUES (1284, 132, 38, '2024-07-20', 2);
INSERT INTO matriculas (id, id_alumno, id_asignatura, fecha_matricula, nota) VALUES (1285, 132, 39, '2024-05-13', 0);
INSERT INTO matriculas (id, id_alumno, id_asignatura, fecha_matricula, nota) VALUES (1286, 133, 30, '2024-12-15', 8);
INSERT INTO matriculas (id, id_alumno, id_asignatura, fecha_matricula, nota) VALUES (1287, 133, 31, '2024-10-27', 2);
INSERT INTO matriculas (id, id_alumno, id_asignatura, fecha_matricula, nota) VALUES (1288, 133, 32, '2024-09-30', 10);
INSERT INTO matriculas (id, id_alumno, id_asignatura, fecha_matricula, nota) VALUES (1289, 133, 33, '2024-10-22', 9);
INSERT INTO matriculas (id, id_alumno, id_asignatura, fecha_matricula, nota) VALUES (1290, 133, 34, '2025-01-19', 6);
INSERT INTO matriculas (id, id_alumno, id_asignatura, fecha_matricula, nota) VALUES (1291, 133, 35, '2024-11-05', 5);
INSERT INTO matriculas (id, id_alumno, id_asignatura, fecha_matricula, nota) VALUES (1292, 133, 36, '2024-07-25', 7);
INSERT INTO matriculas (id, id_alumno, id_asignatura, fecha_matricula, nota) VALUES (1293, 133, 37, '2024-08-20', 0);
INSERT INTO matriculas (id, id_alumno, id_asignatura, fecha_matricula, nota) VALUES (1294, 133, 38, '2025-01-28', 8);
INSERT INTO matriculas (id, id_alumno, id_asignatura, fecha_matricula, nota) VALUES (1295, 133, 39, '2025-01-22', 6);
INSERT INTO matriculas (id, id_alumno, id_asignatura, fecha_matricula, nota) VALUES (1296, 134, 30, '2024-06-04', 10);
INSERT INTO matriculas (id, id_alumno, id_asignatura, fecha_matricula, nota) VALUES (1297, 134, 31, '2025-02-07', 9);
INSERT INTO matriculas (id, id_alumno, id_asignatura, fecha_matricula, nota) VALUES (1298, 134, 32, '2024-09-20', 3);
INSERT INTO matriculas (id, id_alumno, id_asignatura, fecha_matricula, nota) VALUES (1299, 134, 33, '2024-11-12', 0);
INSERT INTO matriculas (id, id_alumno, id_asignatura, fecha_matricula, nota) VALUES (1300, 134, 34, '2024-10-18', 5);
INSERT INTO matriculas (id, id_alumno, id_asignatura, fecha_matricula, nota) VALUES (1301, 134, 35, '2024-09-11', 8);
INSERT INTO matriculas (id, id_alumno, id_asignatura, fecha_matricula, nota) VALUES (1302, 134, 36, '2024-12-30', 2);
INSERT INTO matriculas (id, id_alumno, id_asignatura, fecha_matricula, nota) VALUES (1303, 134, 37, '2025-03-31', 10);
INSERT INTO matriculas (id, id_alumno, id_asignatura, fecha_matricula, nota) VALUES (1304, 134, 38, '2024-05-12', 3);
INSERT INTO matriculas (id, id_alumno, id_asignatura, fecha_matricula, nota) VALUES (1305, 134, 39, '2025-01-16', 10);
INSERT INTO matriculas (id, id_alumno, id_asignatura, fecha_matricula, nota) VALUES (1306, 135, 30, '2024-05-18', 5);
INSERT INTO matriculas (id, id_alumno, id_asignatura, fecha_matricula, nota) VALUES (1307, 135, 31, '2025-03-31', 10);
INSERT INTO matriculas (id, id_alumno, id_asignatura, fecha_matricula, nota) VALUES (1308, 135, 32, '2024-06-19', 7);
INSERT INTO matriculas (id, id_alumno, id_asignatura, fecha_matricula, nota) VALUES (1309, 135, 33, '2024-12-22', 0);
INSERT INTO matriculas (id, id_alumno, id_asignatura, fecha_matricula, nota) VALUES (1310, 135, 34, '2024-12-25', 3);
INSERT INTO matriculas (id, id_alumno, id_asignatura, fecha_matricula, nota) VALUES (1311, 135, 35, '2024-11-04', 9);
INSERT INTO matriculas (id, id_alumno, id_asignatura, fecha_matricula, nota) VALUES (1312, 135, 36, '2024-10-23', 3);
INSERT INTO matriculas (id, id_alumno, id_asignatura, fecha_matricula, nota) VALUES (1313, 135, 37, '2024-07-20', 4);
INSERT INTO matriculas (id, id_alumno, id_asignatura, fecha_matricula, nota) VALUES (1314, 135, 38, '2025-01-30', 2);
INSERT INTO matriculas (id, id_alumno, id_asignatura, fecha_matricula, nota) VALUES (1315, 135, 39, '2025-04-08', 6);
INSERT INTO matriculas (id, id_alumno, id_asignatura, fecha_matricula, nota) VALUES (1316, 136, 30, '2024-10-26', 1);
INSERT INTO matriculas (id, id_alumno, id_asignatura, fecha_matricula, nota) VALUES (1317, 136, 31, '2024-11-17', 9);
INSERT INTO matriculas (id, id_alumno, id_asignatura, fecha_matricula, nota) VALUES (1318, 136, 32, '2024-05-08', 7);
INSERT INTO matriculas (id, id_alumno, id_asignatura, fecha_matricula, nota) VALUES (1319, 136, 33, '2024-08-11', 3);
INSERT INTO matriculas (id, id_alumno, id_asignatura, fecha_matricula, nota) VALUES (1320, 136, 34, '2024-08-09', 7);
INSERT INTO matriculas (id, id_alumno, id_asignatura, fecha_matricula, nota) VALUES (1321, 136, 35, '2024-05-22', 8);
INSERT INTO matriculas (id, id_alumno, id_asignatura, fecha_matricula, nota) VALUES (1322, 136, 36, '2025-05-02', 1);
INSERT INTO matriculas (id, id_alumno, id_asignatura, fecha_matricula, nota) VALUES (1323, 136, 37, '2024-08-02', 3);
INSERT INTO matriculas (id, id_alumno, id_asignatura, fecha_matricula, nota) VALUES (1324, 136, 38, '2025-03-25', 2);
INSERT INTO matriculas (id, id_alumno, id_asignatura, fecha_matricula, nota) VALUES (1325, 136, 39, '2025-02-21', 7);
INSERT INTO matriculas (id, id_alumno, id_asignatura, fecha_matricula, nota) VALUES (1326, 137, 30, '2025-04-26', 1);
INSERT INTO matriculas (id, id_alumno, id_asignatura, fecha_matricula, nota) VALUES (1327, 137, 31, '2024-09-05', 6);
INSERT INTO matriculas (id, id_alumno, id_asignatura, fecha_matricula, nota) VALUES (1328, 137, 32, '2025-03-08', 10);
INSERT INTO matriculas (id, id_alumno, id_asignatura, fecha_matricula, nota) VALUES (1329, 137, 33, '2025-02-10', 6);
INSERT INTO matriculas (id, id_alumno, id_asignatura, fecha_matricula, nota) VALUES (1330, 137, 34, '2024-11-18', 4);
INSERT INTO matriculas (id, id_alumno, id_asignatura, fecha_matricula, nota) VALUES (1331, 137, 35, '2024-08-21', 4);
INSERT INTO matriculas (id, id_alumno, id_asignatura, fecha_matricula, nota) VALUES (1332, 137, 36, '2025-02-22', 6);
INSERT INTO matriculas (id, id_alumno, id_asignatura, fecha_matricula, nota) VALUES (1333, 137, 37, '2024-05-18', 5);
INSERT INTO matriculas (id, id_alumno, id_asignatura, fecha_matricula, nota) VALUES (1334, 137, 38, '2024-10-04', 9);
INSERT INTO matriculas (id, id_alumno, id_asignatura, fecha_matricula, nota) VALUES (1335, 137, 39, '2024-09-25', 5);
INSERT INTO matriculas (id, id_alumno, id_asignatura, fecha_matricula, nota) VALUES (1336, 138, 30, '2025-01-30', 1);
INSERT INTO matriculas (id, id_alumno, id_asignatura, fecha_matricula, nota) VALUES (1337, 138, 31, '2024-07-25', 4);
INSERT INTO matriculas (id, id_alumno, id_asignatura, fecha_matricula, nota) VALUES (1338, 138, 32, '2024-08-08', 0);
INSERT INTO matriculas (id, id_alumno, id_asignatura, fecha_matricula, nota) VALUES (1339, 138, 33, '2025-05-04', 7);
INSERT INTO matriculas (id, id_alumno, id_asignatura, fecha_matricula, nota) VALUES (1340, 138, 34, '2024-07-18', 0);
INSERT INTO matriculas (id, id_alumno, id_asignatura, fecha_matricula, nota) VALUES (1341, 138, 35, '2024-09-05', 4);
INSERT INTO matriculas (id, id_alumno, id_asignatura, fecha_matricula, nota) VALUES (1342, 138, 36, '2024-05-12', 3);
INSERT INTO matriculas (id, id_alumno, id_asignatura, fecha_matricula, nota) VALUES (1343, 138, 37, '2025-01-03', 6);
INSERT INTO matriculas (id, id_alumno, id_asignatura, fecha_matricula, nota) VALUES (1344, 138, 38, '2025-02-06', 6);
INSERT INTO matriculas (id, id_alumno, id_asignatura, fecha_matricula, nota) VALUES (1345, 138, 39, '2024-06-15', 6);
INSERT INTO matriculas (id, id_alumno, id_asignatura, fecha_matricula, nota) VALUES (1346, 139, 30, '2024-05-25', 10);
INSERT INTO matriculas (id, id_alumno, id_asignatura, fecha_matricula, nota) VALUES (1347, 139, 31, '2024-06-09', 10);
INSERT INTO matriculas (id, id_alumno, id_asignatura, fecha_matricula, nota) VALUES (1348, 139, 32, '2024-07-30', 10);
INSERT INTO matriculas (id, id_alumno, id_asignatura, fecha_matricula, nota) VALUES (1349, 139, 33, '2025-03-13', 6);
INSERT INTO matriculas (id, id_alumno, id_asignatura, fecha_matricula, nota) VALUES (1350, 139, 34, '2024-09-20', 0);
INSERT INTO matriculas (id, id_alumno, id_asignatura, fecha_matricula, nota) VALUES (1351, 139, 35, '2024-12-24', 9);
INSERT INTO matriculas (id, id_alumno, id_asignatura, fecha_matricula, nota) VALUES (1352, 139, 36, '2025-02-10', 7);
INSERT INTO matriculas (id, id_alumno, id_asignatura, fecha_matricula, nota) VALUES (1353, 139, 37, '2024-06-16', 5);
INSERT INTO matriculas (id, id_alumno, id_asignatura, fecha_matricula, nota) VALUES (1354, 139, 38, '2024-11-29', 9);
INSERT INTO matriculas (id, id_alumno, id_asignatura, fecha_matricula, nota) VALUES (1355, 139, 39, '2024-10-05', 2);
INSERT INTO matriculas (id, id_alumno, id_asignatura, fecha_matricula, nota) VALUES (1356, 140, 30, '2024-08-20', 9);
INSERT INTO matriculas (id, id_alumno, id_asignatura, fecha_matricula, nota) VALUES (1357, 140, 31, '2025-01-04', 4);
INSERT INTO matriculas (id, id_alumno, id_asignatura, fecha_matricula, nota) VALUES (1358, 140, 32, '2024-07-22', 5);
INSERT INTO matriculas (id, id_alumno, id_asignatura, fecha_matricula, nota) VALUES (1359, 140, 33, '2025-03-14', 0);
INSERT INTO matriculas (id, id_alumno, id_asignatura, fecha_matricula, nota) VALUES (1360, 140, 34, '2024-07-17', 6);
INSERT INTO matriculas (id, id_alumno, id_asignatura, fecha_matricula, nota) VALUES (1361, 140, 35, '2024-10-23', 7);
INSERT INTO matriculas (id, id_alumno, id_asignatura, fecha_matricula, nota) VALUES (1362, 140, 36, '2024-10-28', 8);
INSERT INTO matriculas (id, id_alumno, id_asignatura, fecha_matricula, nota) VALUES (1363, 140, 37, '2024-10-31', 2);
INSERT INTO matriculas (id, id_alumno, id_asignatura, fecha_matricula, nota) VALUES (1364, 140, 38, '2024-07-30', 0);
INSERT INTO matriculas (id, id_alumno, id_asignatura, fecha_matricula, nota) VALUES (1365, 140, 39, '2025-04-11', 1);