INSERT INTO cursos (id, nombre, duracion, fecha_inicio, fecha_fin) VALUES (1, '1º ESO', 1, '2024-09-10', '2025-06-20');
INSERT INTO cursos (id, nombre, duracion, fecha_inicio, fecha_fin) VALUES (2, '2º ESO', 1, '2024-09-10', '2025-06-20');
INSERT INTO cursos (id, nombre, duracion, fecha_inicio, fecha_fin) VALUES (3, '3º ESO', 1, '2024-09-10', '2025-06-20');
INSERT INTO cursos (id, nombre, duracion, fecha_inicio, fecha_fin) VALUES (4, '4º ESO', 1, '2024-09-10', '2025-06-20');
INSERT INTO alumnos (id, nombre, apellidos, fecha_nacimiento, dni, direccion, telefono, id_curso) VALUES (1, 'Rafaela', 'Plaza', '2012-10-15', '56448162C', 'Cañada de Albina Palma 338 Piso 2 , Salamanca, 89241', '578156593', 1);
INSERT INTO alumnos (id, nombre, apellidos, fecha_nacimiento, dni, direccion, telefono, id_curso) VALUES (2, 'Juan Bautista', 'Barrios', '2013-03-11', '73645173A', 'Cuesta Pastora Mínguez 25 Apt. 93 , Zaragoza, 87115', '148418583', 1);
INSERT INTO alumnos (id, nombre, apellidos, fecha_nacimiento, dni, direccion, telefono, id_curso) VALUES (3, 'Victor', 'Bravo', '2011-06-01', '51660557U', 'Glorieta Paca Estévez 5 Piso 1 , Soria, 20186', '833969477', 1);
INSERT INTO alumnos (id, nombre, apellidos, fecha_nacimiento, dni, direccion, telefono, id_curso) VALUES (4, 'David', 'Torrecilla', '2011-05-03', '84576944V', 'Callejón Demetrio Giménez 62, Almería, 23098', '013991615', 1);
INSERT INTO alumnos (id, nombre, apellidos, fecha_nacimiento, dni, direccion, telefono, id_curso) VALUES (5, 'Guiomar', 'Esteban', '2012-06-14', '16628927E', 'Paseo Teodoro Cadenas 41, Segovia, 56208', '091634579', 1);
INSERT INTO alumnos (id, nombre, apellidos, fecha_nacimiento, dni, direccion, telefono, id_curso) VALUES (6, 'Ramona', 'Cáceres', '2009-04-03', '71064827Q', 'Plaza Adriana Redondo 684 Piso 4 , Navarra, 71508', '237594599', 1);
INSERT INTO alumnos (id, nombre, apellidos, fecha_nacimiento, dni, direccion, telefono, id_curso) VALUES (7, 'Patricia', 'Berrocal', '2006-05-10', '79802764M', 'Urbanización Febe Samper 79, La Coruña, 02714', '787890075', 1);
INSERT INTO alumnos (id, nombre, apellidos, fecha_nacimiento, dni, direccion, telefono, id_curso) VALUES (8, 'Godofredo', 'Blanco', '2012-07-07', '17518332A', 'Plaza de Ignacio Alcaraz 9 Puerta 1 , Baleares, 44217', '104714285', 1);
INSERT INTO alumnos (id, nombre, apellidos, fecha_nacimiento, dni, direccion, telefono, id_curso) VALUES (9, 'Aristides', 'Armas', '2008-02-04', '91401839Q', 'Cuesta Leticia Segarra 95 Apt. 36 , Álava, 24555', '590042294', 1);
INSERT INTO alumnos (id, nombre, apellidos, fecha_nacimiento, dni, direccion, telefono, id_curso) VALUES (10, 'Lázaro', 'Cardona', '2010-05-30', '98048967P', 'Pasadizo Luisina Belda 66 Piso 6 , Badajoz, 75517', '760452296', 1);
INSERT INTO alumnos (id, nombre, apellidos, fecha_nacimiento, dni, direccion, telefono, id_curso) VALUES (11, 'Maribel', 'Giner', '2006-11-12', '51648579A', 'Pasaje de Zoraida Torres 236 Piso 3 , Palencia, 63511', '873176430', 1);
INSERT INTO alumnos (id, nombre, apellidos, fecha_nacimiento, dni, direccion, telefono, id_curso) VALUES (12, 'Hector', 'Sedano', '2009-07-23', '48538780I', 'Vial de Cintia Ramis 88, Madrid, 38930', '550824926', 1);
INSERT INTO alumnos (id, nombre, apellidos, fecha_nacimiento, dni, direccion, telefono, id_curso) VALUES (13, 'Nereida', 'Blazquez', '2010-09-26', '5290303E', 'Cañada Albino Sanabria 32, Huesca, 88091', '634896769', 1);
INSERT INTO alumnos (id, nombre, apellidos, fecha_nacimiento, dni, direccion, telefono, id_curso) VALUES (14, 'Manu', 'Espada', '2008-11-30', '68029300K', 'Cuesta Rosalina Juárez 76 Piso 0 , Segovia, 34500', '627912560', 1);
INSERT INTO alumnos (id, nombre, apellidos, fecha_nacimiento, dni, direccion, telefono, id_curso) VALUES (15, 'Asdrubal', 'Cadenas', '2010-05-08', '20316236B', 'Via de Juana Olivares 86, Almería, 95194', '641830675', 1);
INSERT INTO alumnos (id, nombre, apellidos, fecha_nacimiento, dni, direccion, telefono, id_curso) VALUES (16, 'Arsenio', 'Ariño', '2010-06-24', '34277372B', 'Pasadizo Jovita Zabaleta 58, Burgos, 96116', '162076607', 1);
INSERT INTO alumnos (id, nombre, apellidos, fecha_nacimiento, dni, direccion, telefono, id_curso) VALUES (17, 'Calisto', 'Carrión', '2009-05-26', '92848489B', 'Plaza Paulina Gual 31 Apt. 03 , Valencia, 45093', '271754203', 1);
INSERT INTO alumnos (id, nombre, apellidos, fecha_nacimiento, dni, direccion, telefono, id_curso) VALUES (18, 'Manu', 'Morillo', '2007-11-28', '79593715F', 'C. Tomasa Collado 63 Puerta 3 , Valladolid, 45602', '611264862', 1);
INSERT INTO alumnos (id, nombre, apellidos, fecha_nacimiento, dni, direccion, telefono, id_curso) VALUES (19, 'Cesar', 'Hurtado', '2010-02-15', '84930159X', 'Plaza de Silvestre Montes 63 Piso 7 , Cádiz, 41892', '626623758', 1);
INSERT INTO alumnos (id, nombre, apellidos, fecha_nacimiento, dni, direccion, telefono, id_curso) VALUES (20, 'Almudena', 'Frías', '2008-11-06', '247384S', 'Glorieta Marc Carbó 38 Piso 7 , Soria, 38640', '400468967', 1);
INSERT INTO alumnos (id, nombre, apellidos, fecha_nacimiento, dni, direccion, telefono, id_curso) VALUES (21, 'Salomé', 'Ferrández', '2011-05-29', '11443301C', 'Paseo de Noé Carrasco 232 Piso 4 , Melilla, 98381', '864475922', 1);
INSERT INTO alumnos (id, nombre, apellidos, fecha_nacimiento, dni, direccion, telefono, id_curso) VALUES (22, 'Domitila', 'Solé', '2007-07-13', '75110005Q', 'Ronda de Isaías Tapia 68 Piso 0 , Granada, 70930', '760811605', 1);
INSERT INTO alumnos (id, nombre, apellidos, fecha_nacimiento, dni, direccion, telefono, id_curso) VALUES (23, 'Julián', 'Marco', '2012-07-12', '30425417J', 'Ronda Édgar Murillo 62, Segovia, 27285', '327566763', 1);
INSERT INTO alumnos (id, nombre, apellidos, fecha_nacimiento, dni, direccion, telefono, id_curso) VALUES (24, 'Leocadia', 'Ayala', '2009-08-24', '4466664O', 'Calle de Manuelita Durán 59, Teruel, 56708', '977473540', 1);
INSERT INTO alumnos (id, nombre, apellidos, fecha_nacimiento, dni, direccion, telefono, id_curso) VALUES (25, 'Abraham', 'Manjón', '2011-11-29', '956980I', 'C. Celestina Giner 63 Puerta 1 , Zamora, 58754', '803513853', 1);
INSERT INTO alumnos (id, nombre, apellidos, fecha_nacimiento, dni, direccion, telefono, id_curso) VALUES (26, 'Asunción', 'Planas', '2008-07-05', '64704308W', 'Paseo de Camilo Agullo 87, Zaragoza, 77711', '312637916', 1);
INSERT INTO alumnos (id, nombre, apellidos, fecha_nacimiento, dni, direccion, telefono, id_curso) VALUES (27, 'Josep', 'Trillo', '2008-03-19', '17191341R', 'Via de Cecilia Machado 583 Piso 8 , Murcia, 43019', '263340886', 1);
INSERT INTO alumnos (id, nombre, apellidos, fecha_nacimiento, dni, direccion, telefono, id_curso) VALUES (28, 'Diego', 'Palomar', '2008-04-18', '90581142T', 'Avenida Aura Meléndez 63, Girona, 20885', '902622812', 1);
INSERT INTO alumnos (id, nombre, apellidos, fecha_nacimiento, dni, direccion, telefono, id_curso) VALUES (29, 'Joel', 'Catalán', '2013-04-14', '31365283W', 'Cuesta Valentina Campoy 608 Piso 7 , Álava, 82778', '142963546', 1);
INSERT INTO alumnos (id, nombre, apellidos, fecha_nacimiento, dni, direccion, telefono, id_curso) VALUES (30, 'Lucila', 'Iborra', '2009-04-06', '59216203Q', 'Rambla de Marcos Alegria 99 Apt. 25 , Madrid, 03003', '105623762', 1);
INSERT INTO alumnos (id, nombre, apellidos, fecha_nacimiento, dni, direccion, telefono, id_curso) VALUES (31, 'Luisa', 'Real', '2009-08-06', '1292951A', 'Camino África Casado 36 Apt. 82 , Ávila, 32302', '169197299', 2);
INSERT INTO alumnos (id, nombre, apellidos, fecha_nacimiento, dni, direccion, telefono, id_curso) VALUES (32, 'Amando', 'Arce', '2010-07-26', '12028501W', 'Urbanización de Anunciación Pagès 66, Zaragoza, 60484', '089840761', 2);
INSERT INTO alumnos (id, nombre, apellidos, fecha_nacimiento, dni, direccion, telefono, id_curso) VALUES (33, 'Alfonso', 'Llano', '2012-08-20', '4600117Q', 'C. de Perlita Iglesia 61, Palencia, 22509', '925544576', 2);
INSERT INTO alumnos (id, nombre, apellidos, fecha_nacimiento, dni, direccion, telefono, id_curso) VALUES (34, 'Modesta', 'Chico', '2011-03-07', '5852078C', 'Cuesta Virginia Jiménez 931 Piso 4 , Melilla, 12918', '644406448', 2);
INSERT INTO alumnos (id, nombre, apellidos, fecha_nacimiento, dni, direccion, telefono, id_curso) VALUES (35, 'Goyo', 'Rosales', '2013-01-28', '19019623A', 'Pasaje de Angelino Requena 630 Puerta 2 , Santa Cruz de Tenerife, 70393', '261973781', 2);
INSERT INTO alumnos (id, nombre, apellidos, fecha_nacimiento, dni, direccion, telefono, id_curso) VALUES (36, 'Íngrid', 'Roldan', '2011-09-29', '52981408R', 'Alameda de Cipriano Melero 8 Apt. 43 , Jaén, 60975', '945067820', 2);
INSERT INTO alumnos (id, nombre, apellidos, fecha_nacimiento, dni, direccion, telefono, id_curso) VALUES (37, 'Adalberto', 'Baños', '2007-12-19', '96272727H', 'Plaza de Maxi Pozo 74, Pontevedra, 64802', '270808625', 2);
INSERT INTO alumnos (id, nombre, apellidos, fecha_nacimiento, dni, direccion, telefono, id_curso) VALUES (38, 'Félix', 'Lara', '2008-01-22', '35026062U', 'Vial de Maristela Sanchez 320 Puerta 8 , Valladolid, 13793', '825278081', 2);
INSERT INTO alumnos (id, nombre, apellidos, fecha_nacimiento, dni, direccion, telefono, id_curso) VALUES (39, 'Cristóbal', 'Roma', '2011-07-06', '47287605K', 'Pasadizo de Porfirio Carrera 15 Apt. 20 , Pontevedra, 06046', '925160759', 2);
INSERT INTO alumnos (id, nombre, apellidos, fecha_nacimiento, dni, direccion, telefono, id_curso) VALUES (40, 'Reina', 'Santiago', '2009-11-06', '24248617B', 'C. Bernardo Pallarès 2 Apt. 50 , La Coruña, 57877', '086408115', 2);
INSERT INTO alumnos (id, nombre, apellidos, fecha_nacimiento, dni, direccion, telefono, id_curso) VALUES (41, 'Fabio', 'Villalonga', '2011-08-31', '38531397C', 'Rambla de Carlota Collado 32 Puerta 3 , Albacete, 60334', '235326759', 2);
INSERT INTO alumnos (id, nombre, apellidos, fecha_nacimiento, dni, direccion, telefono, id_curso) VALUES (42, 'Fermín', 'Adán', '2012-03-09', '52332518T', 'Plaza Palmira Morales 100, Ourense, 26066', '325838612', 2);
INSERT INTO alumnos (id, nombre, apellidos, fecha_nacimiento, dni, direccion, telefono, id_curso) VALUES (43, 'Tomás', 'Rubio', '2008-06-07', '63234531Y', 'Cuesta Régulo Bayón 94 Piso 8 , Pontevedra, 34095', '180260666', 2);
INSERT INTO alumnos (id, nombre, apellidos, fecha_nacimiento, dni, direccion, telefono, id_curso) VALUES (44, 'Felix', 'Doménech', '2009-03-28', '63667396A', 'Acceso Onofre Clavero 97 Apt. 34 , Toledo, 46048', '064635221', 2);
INSERT INTO alumnos (id, nombre, apellidos, fecha_nacimiento, dni, direccion, telefono, id_curso) VALUES (45, 'Tito', 'Puig', '2010-04-15', '10223209P', 'Rambla Ezequiel Galan 13 Puerta 2 , Huelva, 51642', '858268436', 2);
INSERT INTO alumnos (id, nombre, apellidos, fecha_nacimiento, dni, direccion, telefono, id_curso) VALUES (46, 'Mariano', 'Redondo', '2009-10-19', '13114786R', 'Camino Dulce Villar 4, Cuenca, 61001', '751759473', 2);
INSERT INTO alumnos (id, nombre, apellidos, fecha_nacimiento, dni, direccion, telefono, id_curso) VALUES (47, 'Mercedes', 'Verdejo', '2007-10-09', '3460336P', 'Pasaje Leandra Quirós 30 Piso 2 , Ourense, 61965', '870791487', 2);
INSERT INTO alumnos (id, nombre, apellidos, fecha_nacimiento, dni, direccion, telefono, id_curso) VALUES (48, 'Gerardo', 'Gras', '2010-12-11', '48898497K', 'Avenida de Bruno Tejera 79, Córdoba, 31425', '202983006', 2);
INSERT INTO alumnos (id, nombre, apellidos, fecha_nacimiento, dni, direccion, telefono, id_curso) VALUES (49, 'Ainara', 'Olivera', '2012-12-23', '46042779G', 'Cuesta Pili Merino 13, Huelva, 11496', '562343754', 2);
INSERT INTO alumnos (id, nombre, apellidos, fecha_nacimiento, dni, direccion, telefono, id_curso) VALUES (50, 'Salvador', 'Padilla', '2010-08-07', '63212344O', 'Callejón de Plinio Pérez 81 Piso 1 , Burgos, 32573', '667879936', 2);
INSERT INTO alumnos (id, nombre, apellidos, fecha_nacimiento, dni, direccion, telefono, id_curso) VALUES (51, 'Maxi', 'Villaverde', '2012-02-28', '220286F', 'Urbanización de Otilia Rosado 1 Piso 1 , Cantabria, 21250', '006802199', 2);
INSERT INTO alumnos (id, nombre, apellidos, fecha_nacimiento, dni, direccion, telefono, id_curso) VALUES (52, 'Regina', 'Abellán', '2010-10-08', '83402391A', 'Urbanización Íngrid Ribes 17, Castellón, 09409', '557298141', 2);
INSERT INTO alumnos (id, nombre, apellidos, fecha_nacimiento, dni, direccion, telefono, id_curso) VALUES (53, 'Estela', 'Cerdán', '2009-07-26', '27794987K', 'Pasadizo de Angelita Carreño 217, Lugo, 78526', '619853735', 2);
INSERT INTO alumnos (id, nombre, apellidos, fecha_nacimiento, dni, direccion, telefono, id_curso) VALUES (54, 'Loreto', 'Aguado', '2011-01-16', '54339417W', 'Urbanización de José Luis Tejada 42, Girona, 79281', '481025059', 2);
INSERT INTO alumnos (id, nombre, apellidos, fecha_nacimiento, dni, direccion, telefono, id_curso) VALUES (55, 'Sergio', 'Valderrama', '2007-12-23', '22482958Z', 'Alameda Gervasio Vives 799 Apt. 97 , Pontevedra, 03795', '000237931', 2);
INSERT INTO alumnos (id, nombre, apellidos, fecha_nacimiento, dni, direccion, telefono, id_curso) VALUES (56, 'Ana', 'Fernandez', '2007-09-25', '50014656J', 'Pasaje de Gracia Moll 31 Apt. 12 , Lleida, 50063', '699683028', 2);
INSERT INTO alumnos (id, nombre, apellidos, fecha_nacimiento, dni, direccion, telefono, id_curso) VALUES (57, 'Brígida', 'Batalla', '2007-01-04', '81181112U', 'Ronda Encarnita Palomino 11, Salamanca, 98527', '197436685', 2);
INSERT INTO alumnos (id, nombre, apellidos, fecha_nacimiento, dni, direccion, telefono, id_curso) VALUES (58, 'Arsenio', 'Cortina', '2009-01-10', '84147194L', 'Ronda de Miguel Pol 2, Pontevedra, 20163', '446154593', 2);
INSERT INTO alumnos (id, nombre, apellidos, fecha_nacimiento, dni, direccion, telefono, id_curso) VALUES (59, 'Aránzazu', 'Alcalá', '2007-09-19', '66498810B', 'Acceso Conrado Rios 5 Puerta 1 , Palencia, 70835', '832363975', 2);
INSERT INTO alumnos (id, nombre, apellidos, fecha_nacimiento, dni, direccion, telefono, id_curso) VALUES (60, 'Reyes', 'Font', '2008-03-07', '62509215U', 'Avenida Gertrudis Mosquera 15 Apt. 90 , Zaragoza, 24388', '716886119', 2);
INSERT INTO alumnos (id, nombre, apellidos, fecha_nacimiento, dni, direccion, telefono, id_curso) VALUES (61, 'Jose Angel', 'Rueda', '2012-01-27', '93782347S', 'Callejón Carmelo Millán 58, Zamora, 82490', '649345877', 3);
INSERT INTO alumnos (id, nombre, apellidos, fecha_nacimiento, dni, direccion, telefono, id_curso) VALUES (62, 'Azahar', 'Aznar', '2008-04-22', '94785546Z', 'Urbanización Ceferino Mendez 3 Apt. 70 , Melilla, 18374', '667028533', 3);
INSERT INTO alumnos (id, nombre, apellidos, fecha_nacimiento, dni, direccion, telefono, id_curso) VALUES (63, 'Gilberto', 'Ibáñez', '2010-12-21', '3657639L', 'Urbanización Marta Castells 923 Piso 0 , Zamora, 06268', '368871218', 3);
INSERT INTO alumnos (id, nombre, apellidos, fecha_nacimiento, dni, direccion, telefono, id_curso) VALUES (64, 'Marcia', 'Priego', '2010-03-05', '90476032R', 'Callejón de Lucila Benito 49 Puerta 3 , Valladolid, 81737', '984092555', 3);
INSERT INTO alumnos (id, nombre, apellidos, fecha_nacimiento, dni, direccion, telefono, id_curso) VALUES (65, 'Alonso', 'Tello', '2013-03-16', '98532115M', 'Cañada de Valerio Chaparro 64 Piso 9 , La Coruña, 84933', '348282988', 3);
INSERT INTO alumnos (id, nombre, apellidos, fecha_nacimiento, dni, direccion, telefono, id_curso) VALUES (66, 'Toribio', 'Mata', '2010-03-23', '87312920H', 'Pasaje de Jessica Bayona 4, Córdoba, 32925', '000924367', 3);
INSERT INTO alumnos (id, nombre, apellidos, fecha_nacimiento, dni, direccion, telefono, id_curso) VALUES (67, 'Toni', 'Carlos', '2012-04-17', '3319715X', 'Acceso de Mamen Gallardo 63, Zamora, 72998', '930069028', 3);
INSERT INTO alumnos (id, nombre, apellidos, fecha_nacimiento, dni, direccion, telefono, id_curso) VALUES (68, 'Evita', 'Fajardo', '2012-06-02', '8249368V', 'Cuesta de Alicia Muro 81 Apt. 18 , Navarra, 97629', '219127416', 3);
INSERT INTO alumnos (id, nombre, apellidos, fecha_nacimiento, dni, direccion, telefono, id_curso) VALUES (69, 'Araceli', 'Benavides', '2006-05-31', '5489224M', 'Ronda Rogelio Teruel 6, Ávila, 93036', '096284668', 3);
INSERT INTO alumnos (id, nombre, apellidos, fecha_nacimiento, dni, direccion, telefono, id_curso) VALUES (70, 'Chelo', 'Castejón', '2011-10-28', '27825224L', 'Cañada de Julio Iriarte 16, Melilla, 04228', '150525911', 3);
INSERT INTO alumnos (id, nombre, apellidos, fecha_nacimiento, dni, direccion, telefono, id_curso) VALUES (71, 'Natanael', 'Toro', '2010-05-06', '71900765H', 'Pasaje de Rodolfo Quintana 778, Ceuta, 68521', '206911849', 3);
INSERT INTO alumnos (id, nombre, apellidos, fecha_nacimiento, dni, direccion, telefono, id_curso) VALUES (72, 'Domitila', 'Montaña', '2012-09-02', '89882191N', 'Pasadizo Anselmo Plana 95 Apt. 39 , Lugo, 56938', '881095052', 3);
INSERT INTO alumnos (id, nombre, apellidos, fecha_nacimiento, dni, direccion, telefono, id_curso) VALUES (73, 'Maristela', 'Rius', '2006-05-10', '86959075X', 'Rambla de Ágata Arranz 38 Piso 4 , Castellón, 79929', '595692866', 3);
INSERT INTO alumnos (id, nombre, apellidos, fecha_nacimiento, dni, direccion, telefono, id_curso) VALUES (74, 'Jose Angel', 'Galván', '2008-07-06', '32453543I', 'Alameda Estrella Coll 33 Piso 8 , Murcia, 77329', '931873464', 3);
INSERT INTO alumnos (id, nombre, apellidos, fecha_nacimiento, dni, direccion, telefono, id_curso) VALUES (75, 'Maxi', 'Almansa', '2006-09-17', '25781921M', 'Callejón Angélica Maestre 66 Puerta 6 , Baleares, 52498', '486753111', 3);
INSERT INTO alumnos (id, nombre, apellidos, fecha_nacimiento, dni, direccion, telefono, id_curso) VALUES (76, 'Natalio', 'Báez', '2011-02-19', '31531237B', 'Avenida de Olalla Posada 99, Cuenca, 22932', '347429431', 3);
INSERT INTO alumnos (id, nombre, apellidos, fecha_nacimiento, dni, direccion, telefono, id_curso) VALUES (77, 'Sabina', 'Alemany', '2009-05-01', '72185264Q', 'Avenida de Tomasa Lorenzo 330, Valencia, 62278', '853275734', 3);
INSERT INTO alumnos (id, nombre, apellidos, fecha_nacimiento, dni, direccion, telefono, id_curso) VALUES (78, 'Lalo', 'Osorio', '2010-12-04', '79004913S', 'Avenida de Gabino Peña 2 Puerta 2 , Burgos, 48321', '756805668', 3);
INSERT INTO alumnos (id, nombre, apellidos, fecha_nacimiento, dni, direccion, telefono, id_curso) VALUES (79, 'Gabriela', 'Arana', '2008-12-09', '82772097C', 'Glorieta de Rosendo Bonilla 9, Baleares, 20333', '966183833', 3);
INSERT INTO alumnos (id, nombre, apellidos, fecha_nacimiento, dni, direccion, telefono, id_curso) VALUES (80, 'Armida', 'Castillo', '2011-06-24', '26213844J', 'Cuesta de Felicidad Andres 45 Puerta 0 , León, 83023', '719446541', 3);
INSERT INTO alumnos (id, nombre, apellidos, fecha_nacimiento, dni, direccion, telefono, id_curso) VALUES (81, 'Emperatriz', 'Borja', '2008-04-19', '18266493A', 'Cañada de Ernesto Villar 22, Guadalajara, 53348', '660271428', 3);
INSERT INTO alumnos (id, nombre, apellidos, fecha_nacimiento, dni, direccion, telefono, id_curso) VALUES (82, 'Fabricio', 'Comas', '2011-03-20', '57631954Q', 'Vial Vasco Roda 50, Ourense, 51173', '091749486', 3);
INSERT INTO alumnos (id, nombre, apellidos, fecha_nacimiento, dni, direccion, telefono, id_curso) VALUES (83, 'Luisa', 'Villaverde', '2007-09-14', '66661537P', 'Vial Lara Cobos 39, Badajoz, 14979', '960127055', 3);
INSERT INTO alumnos (id, nombre, apellidos, fecha_nacimiento, dni, direccion, telefono, id_curso) VALUES (84, 'Manu', 'Herranz', '2008-02-24', '11965011L', 'Pasaje Miguel Alarcón 96, Teruel, 98634', '743441527', 3);
INSERT INTO alumnos (id, nombre, apellidos, fecha_nacimiento, dni, direccion, telefono, id_curso) VALUES (85, 'Evangelina', 'Machado', '2010-09-07', '83484243X', 'Rambla Pilar Aguilera 71 Puerta 4 , Madrid, 48629', '420354106', 3);
INSERT INTO alumnos (id, nombre, apellidos, fecha_nacimiento, dni, direccion, telefono, id_curso) VALUES (86, 'Natalio', 'Reguera', '2012-12-21', '17115000P', 'Cuesta de Vasco Durán 76, Huesca, 18721', '867361604', 3);
INSERT INTO alumnos (id, nombre, apellidos, fecha_nacimiento, dni, direccion, telefono, id_curso) VALUES (87, 'Belen', 'Casanova', '2011-02-02', '89762976R', 'Plaza Ciro Nicolau 47, Huesca, 48276', '101534818', 3);
INSERT INTO alumnos (id, nombre, apellidos, fecha_nacimiento, dni, direccion, telefono, id_curso) VALUES (88, 'Encarnita', 'Malo', '2012-08-22', '8177349P', 'Rambla de Fito Sola 82, Navarra, 01141', '346379885', 3);
INSERT INTO alumnos (id, nombre, apellidos, fecha_nacimiento, dni, direccion, telefono, id_curso) VALUES (89, 'Tadeo', 'Guillen', '2008-10-02', '46548436G', 'Callejón de Omar Llamas 42 Piso 5 , Huesca, 94301', '823695820', 3);
INSERT INTO alumnos (id, nombre, apellidos, fecha_nacimiento, dni, direccion, telefono, id_curso) VALUES (90, 'Quirino', 'Albero', '2008-01-09', '76114888N', 'Avenida Loida Villena 569 Apt. 16 , Murcia, 50394', '784101566', 3);
INSERT INTO alumnos (id, nombre, apellidos, fecha_nacimiento, dni, direccion, telefono, id_curso) VALUES (91, 'Salvador', 'Abascal', '2011-09-07', '58374310O', 'C. Ileana Rosado 59 Piso 8 , Granada, 92506', '741353609', 4);
INSERT INTO alumnos (id, nombre, apellidos, fecha_nacimiento, dni, direccion, telefono, id_curso) VALUES (92, 'Saturnina', 'Bayón', '2012-12-10', '13366317L', 'Plaza Francisca Viña 36, La Coruña, 48027', '117444609', 4);
INSERT INTO alumnos (id, nombre, apellidos, fecha_nacimiento, dni, direccion, telefono, id_curso) VALUES (93, 'Benito', 'Marin', '2008-03-18', '61039689O', 'Avenida de Teobaldo Arjona 2, Álava, 40009', '292719208', 4);
INSERT INTO alumnos (id, nombre, apellidos, fecha_nacimiento, dni, direccion, telefono, id_curso) VALUES (94, 'Ema', 'Carmona', '2008-01-22', '13436841F', 'Cuesta Liliana Salinas 228, Huesca, 82180', '165858986', 4);
INSERT INTO alumnos (id, nombre, apellidos, fecha_nacimiento, dni, direccion, telefono, id_curso) VALUES (95, 'Ezequiel', 'Quirós', '2012-12-15', '48902221V', 'Plaza de Adán Abella 44 Puerta 2 , Baleares, 72442', '255318724', 4);
INSERT INTO alumnos (id, nombre, apellidos, fecha_nacimiento, dni, direccion, telefono, id_curso) VALUES (96, 'Herminia', 'Herrero', '2009-05-05', '53605571X', 'Paseo de Pepe Antón 73 Apt. 68 , Vizcaya, 40415', '043245812', 4);
INSERT INTO alumnos (id, nombre, apellidos, fecha_nacimiento, dni, direccion, telefono, id_curso) VALUES (97, 'Dorita', 'Benavent', '2009-10-24', '38273063S', 'Plaza Nerea Cuadrado 72 Apt. 98 , Alicante, 78799', '551065273', 4);
INSERT INTO alumnos (id, nombre, apellidos, fecha_nacimiento, dni, direccion, telefono, id_curso) VALUES (98, 'Encarnacion', 'Urrutia', '2009-11-10', '52654277K', 'Pasaje de Pastora Garmendia 31 Puerta 0 , Valencia, 12426', '865867714', 4);
INSERT INTO alumnos (id, nombre, apellidos, fecha_nacimiento, dni, direccion, telefono, id_curso) VALUES (99, 'Lorenza', 'López', '2009-07-15', '81593752G', 'Ronda Lalo Ramos 1 Piso 8 , Zaragoza, 00768', '878787929', 4);
INSERT INTO alumnos (id, nombre, apellidos, fecha_nacimiento, dni, direccion, telefono, id_curso) VALUES (100, 'Mario', 'Ros', '2006-11-29', '29421169G', 'Cuesta Maximiano Sacristán 57 Piso 5 , Vizcaya, 58468', '428221530', 4);
INSERT INTO alumnos (id, nombre, apellidos, fecha_nacimiento, dni, direccion, telefono, id_curso) VALUES (101, 'Consuela', 'Zabaleta', '2006-10-10', '18694592O', 'Avenida de Marciano Palacios 67, Guipúzcoa, 19144', '207663164', 4);
INSERT INTO alumnos (id, nombre, apellidos, fecha_nacimiento, dni, direccion, telefono, id_curso) VALUES (102, 'Espiridión', 'Román', '2013-03-25', '27606822W', 'Avenida de Nydia Cerro 65, Zaragoza, 53272', '372189975', 4);
INSERT INTO alumnos (id, nombre, apellidos, fecha_nacimiento, dni, direccion, telefono, id_curso) VALUES (103, 'Lalo', 'Palacio', '2011-12-24', '95742077H', 'Alameda de Martín Mínguez 4 Puerta 4 , Cáceres, 73184', '061677220', 4);
INSERT INTO alumnos (id, nombre, apellidos, fecha_nacimiento, dni, direccion, telefono, id_curso) VALUES (104, 'Ema', 'Burgos', '2008-09-26', '10984124K', 'C. de Valeria Dueñas 674, Segovia, 42213', '715864702', 4);
INSERT INTO alumnos (id, nombre, apellidos, fecha_nacimiento, dni, direccion, telefono, id_curso) VALUES (105, 'Úrsula', 'Guardia', '2006-11-24', '16864627W', 'Acceso Maricruz Gomila 6 Apt. 33 , Sevilla, 59784', '099243881', 4);
INSERT INTO alumnos (id, nombre, apellidos, fecha_nacimiento, dni, direccion, telefono, id_curso) VALUES (106, 'Atilio', 'Sarabia', '2010-11-08', '70927999J', 'Alameda de Javi Muro 92 Puerta 0 , Zaragoza, 01802', '054310325', 4);
INSERT INTO alumnos (id, nombre, apellidos, fecha_nacimiento, dni, direccion, telefono, id_curso) VALUES (107, 'Teresita', 'Riquelme', '2008-02-16', '52631707U', 'Pasaje Malena Alba 42, Palencia, 54475', '754847856', 4);
INSERT INTO alumnos (id, nombre, apellidos, fecha_nacimiento, dni, direccion, telefono, id_curso) VALUES (108, 'Iker', 'Solera', '2012-09-29', '40101089Z', 'Cuesta Goyo Donaire 531, Palencia, 71736', '108011922', 4);
INSERT INTO alumnos (id, nombre, apellidos, fecha_nacimiento, dni, direccion, telefono, id_curso) VALUES (109, 'Cornelio', 'Báez', '2009-07-19', '65537407I', 'Camino Vicente Madrid 3, Badajoz, 22445', '758116003', 4);
INSERT INTO alumnos (id, nombre, apellidos, fecha_nacimiento, dni, direccion, telefono, id_curso) VALUES (110, 'Ángeles', 'Roma', '2011-05-10', '16630541V', 'Cañada de Jose Ignacio Pla 6 Piso 2 , Navarra, 70922', '716474060', 4);
INSERT INTO alumnos (id, nombre, apellidos, fecha_nacimiento, dni, direccion, telefono, id_curso) VALUES (111, 'Narciso', 'Martorell', '2011-07-04', '20877428F', 'Vial de Severino Amor 32, La Rioja, 82652', '921131373', 4);
INSERT INTO alumnos (id, nombre, apellidos, fecha_nacimiento, dni, direccion, telefono, id_curso) VALUES (112, 'Pedro', 'Iriarte', '2010-02-10', '69684655V', 'Ronda de Viviana Gisbert 90 Puerta 6 , Castellón, 42243', '562449260', 4);
INSERT INTO alumnos (id, nombre, apellidos, fecha_nacimiento, dni, direccion, telefono, id_curso) VALUES (113, 'Cayetano', 'Benítez', '2012-02-06', '76429808P', 'Pasaje de Celestina Cabañas 12, Vizcaya, 38071', '093273849', 4);
INSERT INTO alumnos (id, nombre, apellidos, fecha_nacimiento, dni, direccion, telefono, id_curso) VALUES (114, 'Raquel', 'Abascal', '2011-08-15', '44883205P', 'Plaza de Consuela Rey 61, Vizcaya, 14925', '096063697', 4);
INSERT INTO alumnos (id, nombre, apellidos, fecha_nacimiento, dni, direccion, telefono, id_curso) VALUES (115, 'Wálter', 'Bauzà', '2011-11-08', '1837673Q', 'C. Rodolfo Díez 28, Alicante, 64260', '683859306', 4);
INSERT INTO alumnos (id, nombre, apellidos, fecha_nacimiento, dni, direccion, telefono, id_curso) VALUES (116, 'Nilo', 'Seco', '2012-07-14', '24701531K', 'Glorieta Dimas Marin 55, Cádiz, 40619', '263662879', 4);
INSERT INTO alumnos (id, nombre, apellidos, fecha_nacimiento, dni, direccion, telefono, id_curso) VALUES (117, 'Javier', 'Garzón', '2010-09-15', '53630289F', 'Vial Serafina Dalmau 60, Barcelona, 86405', '083794603', 4);
INSERT INTO alumnos (id, nombre, apellidos, fecha_nacimiento, dni, direccion, telefono, id_curso) VALUES (118, 'Griselda', 'Calzada', '2012-04-01', '35983014F', 'Callejón Josefina Campos 44 Piso 3 , Cantabria, 61842', '608086143', 4);
INSERT INTO alumnos (id, nombre, apellidos, fecha_nacimiento, dni, direccion, telefono, id_curso) VALUES (119, 'Angelita', 'Roca', '2012-01-29', '74202559W', 'Cañada Lupita Mariño 57, Murcia, 17356', '512758217', 4);
INSERT INTO alumnos (id, nombre, apellidos, fecha_nacimiento, dni, direccion, telefono, id_curso) VALUES (120, 'Mateo', 'Tomé', '2007-07-17', '38038353C', 'Camino de Galo Bayo 7, Girona, 69480', '668533211', 4);
INSERT INTO profesores (id, nombre, apellidos, dni, direccion, telefono) VALUES (1, 'Pepito', 'Torralba', '68553452P', 'Alameda Gerardo Almeida 22, Pontevedra, 18178', '459130648');
INSERT INTO profesores (id, nombre, apellidos, dni, direccion, telefono) VALUES (2, 'Juan Bautista', 'Batalla', '60419497Z', 'Pasaje Leandra Lucas 84, Guipúzcoa, 35556', '069846908');
INSERT INTO profesores (id, nombre, apellidos, dni, direccion, telefono) VALUES (3, 'Eric', 'Bru', '16782076D', 'Urbanización de Clara Blanch 66, Albacete, 74632', '020290150');
INSERT INTO profesores (id, nombre, apellidos, dni, direccion, telefono) VALUES (4, 'Mateo', 'Perera', '98839153P', 'Urbanización Eladio Garcés 31 Apt. 09 , Palencia, 77609', '832948469');
INSERT INTO profesores (id, nombre, apellidos, dni, direccion, telefono) VALUES (5, 'Claudia', 'Huertas', '52701387Q', 'Camino de Julie Jaume 847, Palencia, 51650', '591839000');
INSERT INTO profesores (id, nombre, apellidos, dni, direccion, telefono) VALUES (6, 'Graciela', 'Aller', '67060850V', 'Callejón de Herberto Querol 577 Piso 0 , Badajoz, 12674', '493287747');
INSERT INTO profesores (id, nombre, apellidos, dni, direccion, telefono) VALUES (7, 'Baldomero', 'Iglesias', '48341108V', 'Alameda de Félix López 90, Guadalajara, 95150', '925944707');
INSERT INTO profesores (id, nombre, apellidos, dni, direccion, telefono) VALUES (8, 'Danilo', 'Asenjo', '51007353C', 'Plaza de Irene Alberola 44, Lleida, 68041', '004689415');
INSERT INTO profesores (id, nombre, apellidos, dni, direccion, telefono) VALUES (9, 'Nicanor', 'Guardia', '6346054V', 'C. Melchor Arnau 931 Apt. 08 , Burgos, 97876', '742054543');
INSERT INTO profesores (id, nombre, apellidos, dni, direccion, telefono) VALUES (10, 'Elías', 'Murillo', '75670824K', 'Camino Fabián Bermudez 92, La Rioja, 05459', '390555195');
INSERT INTO asignaturas (id, nombre, creditos, id_curso, id_profesor) VALUES (1, 'Asignatura 1 - 1º ESO', 5, 1, 7);
INSERT INTO asignaturas (id, nombre, creditos, id_curso, id_profesor) VALUES (2, 'Asignatura 2 - 1º ESO', 2, 1, 5);
INSERT INTO asignaturas (id, nombre, creditos, id_curso, id_profesor) VALUES (3, 'Asignatura 3 - 1º ESO', 5, 1, 7);
INSERT INTO asignaturas (id, nombre, creditos, id_curso, id_profesor) VALUES (4, 'Asignatura 4 - 1º ESO', 4, 1, 8);
INSERT INTO asignaturas (id, nombre, creditos, id_curso, id_profesor) VALUES (5, 'Asignatura 5 - 1º ESO', 4, 1, 10);
INSERT INTO asignaturas (id, nombre, creditos, id_curso, id_profesor) VALUES (6, 'Asignatura 6 - 1º ESO', 3, 1, 9);
INSERT INTO asignaturas (id, nombre, creditos, id_curso, id_profesor) VALUES (7, 'Asignatura 7 - 1º ESO', 3, 1, 5);
INSERT INTO asignaturas (id, nombre, creditos, id_curso, id_profesor) VALUES (8, 'Asignatura 1 - 2º ESO', 3, 2, 2);
INSERT INTO asignaturas (id, nombre, creditos, id_curso, id_profesor) VALUES (9, 'Asignatura 2 - 2º ESO', 4, 2, 9);
INSERT INTO asignaturas (id, nombre, creditos, id_curso, id_profesor) VALUES (10, 'Asignatura 3 - 2º ESO', 3, 2, 5);
INSERT INTO asignaturas (id, nombre, creditos, id_curso, id_profesor) VALUES (11, 'Asignatura 4 - 2º ESO', 2, 2, 2);
INSERT INTO asignaturas (id, nombre, creditos, id_curso, id_profesor) VALUES (12, 'Asignatura 5 - 2º ESO', 4, 2, 8);
INSERT INTO asignaturas (id, nombre, creditos, id_curso, id_profesor) VALUES (13, 'Asignatura 6 - 2º ESO', 2, 2, 6);
INSERT INTO asignaturas (id, nombre, creditos, id_curso, id_profesor) VALUES (14, 'Asignatura 7 - 2º ESO', 5, 2, 6);
INSERT INTO asignaturas (id, nombre, creditos, id_curso, id_profesor) VALUES (15, 'Asignatura 1 - 3º ESO', 3, 3, 9);
INSERT INTO asignaturas (id, nombre, creditos, id_curso, id_profesor) VALUES (16, 'Asignatura 2 - 3º ESO', 5, 3, 8);
INSERT INTO asignaturas (id, nombre, creditos, id_curso, id_profesor) VALUES (17, 'Asignatura 3 - 3º ESO', 4, 3, 1);
INSERT INTO asignaturas (id, nombre, creditos, id_curso, id_profesor) VALUES (18, 'Asignatura 4 - 3º ESO', 2, 3, 2);
INSERT INTO asignaturas (id, nombre, creditos, id_curso, id_profesor) VALUES (19, 'Asignatura 5 - 3º ESO', 5, 3, 1);
INSERT INTO asignaturas (id, nombre, creditos, id_curso, id_profesor) VALUES (20, 'Asignatura 6 - 3º ESO', 5, 3, 6);
INSERT INTO asignaturas (id, nombre, creditos, id_curso, id_profesor) VALUES (21, 'Asignatura 7 - 3º ESO', 3, 3, 6);
INSERT INTO asignaturas (id, nombre, creditos, id_curso, id_profesor) VALUES (22, 'Asignatura 1 - 4º ESO', 2, 4, 4);
INSERT INTO asignaturas (id, nombre, creditos, id_curso, id_profesor) VALUES (23, 'Asignatura 2 - 4º ESO', 3, 4, 4);
INSERT INTO asignaturas (id, nombre, creditos, id_curso, id_profesor) VALUES (24, 'Asignatura 3 - 4º ESO', 3, 4, 9);
INSERT INTO asignaturas (id, nombre, creditos, id_curso, id_profesor) VALUES (25, 'Asignatura 4 - 4º ESO', 5, 4, 2);
INSERT INTO asignaturas (id, nombre, creditos, id_curso, id_profesor) VALUES (26, 'Asignatura 5 - 4º ESO', 2, 4, 6);
INSERT INTO asignaturas (id, nombre, creditos, id_curso, id_profesor) VALUES (27, 'Asignatura 6 - 4º ESO', 5, 4, 2);
INSERT INTO asignaturas (id, nombre, creditos, id_curso, id_profesor) VALUES (28, 'Asignatura 7 - 4º ESO', 4, 4, 9);
INSERT INTO matriculas (id, id_alumno, id_asignatura, fecha_matricula, nota) VALUES (1, 1, 3, '2024-09-22', 7.95);
INSERT INTO matriculas (id, id_alumno, id_asignatura, fecha_matricula, nota) VALUES (2, 2, 5, '2024-12-14', 5.33);
INSERT INTO matriculas (id, id_alumno, id_asignatura, fecha_matricula, nota) VALUES (3, 3, 5, '2024-08-10', 4.42);
INSERT INTO matriculas (id, id_alumno, id_asignatura, fecha_matricula, nota) VALUES (4, 4, 7, '2025-03-11', 7.22);
INSERT INTO matriculas (id, id_alumno, id_asignatura, fecha_matricula, nota) VALUES (5, 5, 5, '2024-07-02', 5.01);
INSERT INTO matriculas (id, id_alumno, id_asignatura, fecha_matricula, nota) VALUES (6, 6, 1, '2024-07-26', 7.17);
INSERT INTO matriculas (id, id_alumno, id_asignatura, fecha_matricula, nota) VALUES (7, 7, 4, '2025-03-25', 5.22);
INSERT INTO matriculas (id, id_alumno, id_asignatura, fecha_matricula, nota) VALUES (8, 8, 2, '2024-11-24', 5.03);
INSERT INTO matriculas (id, id_alumno, id_asignatura, fecha_matricula, nota) VALUES (9, 9, 2, '2024-07-16', 8.75);
INSERT INTO matriculas (id, id_alumno, id_asignatura, fecha_matricula, nota) VALUES (10, 10, 1, '2024-12-24', 7.29);
INSERT INTO matriculas (id, id_alumno, id_asignatura, fecha_matricula, nota) VALUES (11, 11, 6, '2024-06-26', 4.82);
INSERT INTO matriculas (id, id_alumno, id_asignatura, fecha_matricula, nota) VALUES (12, 12, 1, '2025-05-04', 3.63);
INSERT INTO matriculas (id, id_alumno, id_asignatura, fecha_matricula, nota) VALUES (13, 13, 7, '2025-03-20', 3.91);
INSERT INTO matriculas (id, id_alumno, id_asignatura, fecha_matricula, nota) VALUES (14, 14, 2, '2024-11-17', 9.46);
INSERT INTO matriculas (id, id_alumno, id_asignatura, fecha_matricula, nota) VALUES (15, 15, 7, '2025-03-05', 3.56);
INSERT INTO matriculas (id, id_alumno, id_asignatura, fecha_matricula, nota) VALUES (16, 16, 6, '2025-04-28', 9.46);
INSERT INTO matriculas (id, id_alumno, id_asignatura, fecha_matricula, nota) VALUES (17, 17, 5, '2024-06-17', 7.78);
INSERT INTO matriculas (id, id_alumno, id_asignatura, fecha_matricula, nota) VALUES (18, 18, 7, '2024-09-05', 7.94);
INSERT INTO matriculas (id, id_alumno, id_asignatura, fecha_matricula, nota) VALUES (19, 19, 3, '2024-12-16', 6.65);
INSERT INTO matriculas (id, id_alumno, id_asignatura, fecha_matricula, nota) VALUES (20, 20, 2, '2024-12-17', 8.95);
INSERT INTO matriculas (id, id_alumno, id_asignatura, fecha_matricula, nota) VALUES (21, 21, 6, '2024-12-08', 7.13);
INSERT INTO matriculas (id, id_alumno, id_asignatura, fecha_matricula, nota) VALUES (22, 22, 4, '2025-01-02', 7.06);
INSERT INTO matriculas (id, id_alumno, id_asignatura, fecha_matricula, nota) VALUES (23, 23, 4, '2025-01-01', 6.45);
INSERT INTO matriculas (id, id_alumno, id_asignatura, fecha_matricula, nota) VALUES (24, 24, 6, '2024-06-11', 9.97);
INSERT INTO matriculas (id, id_alumno, id_asignatura, fecha_matricula, nota) VALUES (25, 25, 7, '2024-12-30', 5.5);
INSERT INTO matriculas (id, id_alumno, id_asignatura, fecha_matricula, nota) VALUES (26, 26, 3, '2024-07-08', 7.29);
INSERT INTO matriculas (id, id_alumno, id_asignatura, fecha_matricula, nota) VALUES (27, 27, 4, '2024-09-20', 7.11);
INSERT INTO matriculas (id, id_alumno, id_asignatura, fecha_matricula, nota) VALUES (28, 28, 3, '2024-08-12', 8.92);
INSERT INTO matriculas (id, id_alumno, id_asignatura, fecha_matricula, nota) VALUES (29, 29, 2, '2024-11-02', 3.11);
INSERT INTO matriculas (id, id_alumno, id_asignatura, fecha_matricula, nota) VALUES (30, 30, 3, '2024-08-14', 3.82);
INSERT INTO matriculas (id, id_alumno, id_asignatura, fecha_matricula, nota) VALUES (31, 31, 9, '2024-10-25', 5.6);
INSERT INTO matriculas (id, id_alumno, id_asignatura, fecha_matricula, nota) VALUES (32, 32, 9, '2024-07-15', 5.33);
INSERT INTO matriculas (id, id_alumno, id_asignatura, fecha_matricula, nota) VALUES (33, 33, 14, '2024-10-05', 3.44);
INSERT INTO matriculas (id, id_alumno, id_asignatura, fecha_matricula, nota) VALUES (34, 34, 14, '2024-10-14', 4.02);
INSERT INTO matriculas (id, id_alumno, id_asignatura, fecha_matricula, nota) VALUES (35, 35, 13, '2024-09-21', 4.53);
INSERT INTO matriculas (id, id_alumno, id_asignatura, fecha_matricula, nota) VALUES (36, 36, 14, '2024-06-11', 7.02);
INSERT INTO matriculas (id, id_alumno, id_asignatura, fecha_matricula, nota) VALUES (37, 37, 12, '2024-09-05', 7.22);
INSERT INTO matriculas (id, id_alumno, id_asignatura, fecha_matricula, nota) VALUES (38, 38, 8, '2024-07-02', 3.19);
INSERT INTO matriculas (id, id_alumno, id_asignatura, fecha_matricula, nota) VALUES (39, 39, 13, '2024-08-13', 4.32);
INSERT INTO matriculas (id, id_alumno, id_asignatura, fecha_matricula, nota) VALUES (40, 40, 14, '2025-04-02', 7.03);
INSERT INTO matriculas (id, id_alumno, id_asignatura, fecha_matricula, nota) VALUES (41, 41, 11, '2025-03-08', 3.64);
INSERT INTO matriculas (id, id_alumno, id_asignatura, fecha_matricula, nota) VALUES (42, 42, 14, '2024-07-13', 9.86);
INSERT INTO matriculas (id, id_alumno, id_asignatura, fecha_matricula, nota) VALUES (43, 43, 8, '2024-09-12', 7.24);
INSERT INTO matriculas (id, id_alumno, id_asignatura, fecha_matricula, nota) VALUES (44, 44, 9, '2024-10-25', 9.73);
INSERT INTO matriculas (id, id_alumno, id_asignatura, fecha_matricula, nota) VALUES (45, 45, 9, '2025-02-28', 8.03);
INSERT INTO matriculas (id, id_alumno, id_asignatura, fecha_matricula, nota) VALUES (46, 46, 11, '2024-06-05', 4.47);
INSERT INTO matriculas (id, id_alumno, id_asignatura, fecha_matricula, nota) VALUES (47, 47, 14, '2024-09-27', 3.43);
INSERT INTO matriculas (id, id_alumno, id_asignatura, fecha_matricula, nota) VALUES (48, 48, 13, '2025-03-10', 3.16);
INSERT INTO matriculas (id, id_alumno, id_asignatura, fecha_matricula, nota) VALUES (49, 49, 11, '2024-09-27', 7.34);
INSERT INTO matriculas (id, id_alumno, id_asignatura, fecha_matricula, nota) VALUES (50, 50, 14, '2024-08-17', 4.82);
INSERT INTO matriculas (id, id_alumno, id_asignatura, fecha_matricula, nota) VALUES (51, 51, 9, '2025-04-07', 3.5);
INSERT INTO matriculas (id, id_alumno, id_asignatura, fecha_matricula, nota) VALUES (52, 52, 10, '2025-01-17', 5.45);
INSERT INTO matriculas (id, id_alumno, id_asignatura, fecha_matricula, nota) VALUES (53, 53, 9, '2024-09-18', 3.43);
INSERT INTO matriculas (id, id_alumno, id_asignatura, fecha_matricula, nota) VALUES (54, 54, 11, '2025-03-19', 3.28);
INSERT INTO matriculas (id, id_alumno, id_asignatura, fecha_matricula, nota) VALUES (55, 55, 8, '2024-07-01', 7.9);
INSERT INTO matriculas (id, id_alumno, id_asignatura, fecha_matricula, nota) VALUES (56, 56, 11, '2024-10-12', 4.4);
INSERT INTO matriculas (id, id_alumno, id_asignatura, fecha_matricula, nota) VALUES (57, 57, 10, '2024-07-24', 9.33);
INSERT INTO matriculas (id, id_alumno, id_asignatura, fecha_matricula, nota) VALUES (58, 58, 11, '2024-07-21', 8.87);
INSERT INTO matriculas (id, id_alumno, id_asignatura, fecha_matricula, nota) VALUES (59, 59, 12, '2024-07-05', 4.19);
INSERT INTO matriculas (id, id_alumno, id_asignatura, fecha_matricula, nota) VALUES (60, 60, 13, '2024-12-17', 4.42);
INSERT INTO matriculas (id, id_alumno, id_asignatura, fecha_matricula, nota) VALUES (61, 61, 21, '2024-10-30', 3.41);
INSERT INTO matriculas (id, id_alumno, id_asignatura, fecha_matricula, nota) VALUES (62, 62, 20, '2024-12-21', 4.11);
INSERT INTO matriculas (id, id_alumno, id_asignatura, fecha_matricula, nota) VALUES (63, 63, 16, '2024-10-17', 5.4);
INSERT INTO matriculas (id, id_alumno, id_asignatura, fecha_matricula, nota) VALUES (64, 64, 17, '2025-01-15', 3.82);
INSERT INTO matriculas (id, id_alumno, id_asignatura, fecha_matricula, nota) VALUES (65, 65, 18, '2025-03-10', 7.66);
INSERT INTO matriculas (id, id_alumno, id_asignatura, fecha_matricula, nota) VALUES (66, 66, 15, '2024-12-18', 6.3);
INSERT INTO matriculas (id, id_alumno, id_asignatura, fecha_matricula, nota) VALUES (67, 67, 18, '2025-02-02', 9.3);
INSERT INTO matriculas (id, id_alumno, id_asignatura, fecha_matricula, nota) VALUES (68, 68, 21, '2024-08-07', 6.56);
INSERT INTO matriculas (id, id_alumno, id_asignatura, fecha_matricula, nota) VALUES (69, 69, 17, '2025-02-26', 7.54);
INSERT INTO matriculas (id, id_alumno, id_asignatura, fecha_matricula, nota) VALUES (70, 70, 18, '2024-05-05', 8.86);
INSERT INTO matriculas (id, id_alumno, id_asignatura, fecha_matricula, nota) VALUES (71, 71, 17, '2024-09-23', 4.07);
INSERT INTO matriculas (id, id_alumno, id_asignatura, fecha_matricula, nota) VALUES (72, 72, 20, '2024-06-27', 3.09);
INSERT INTO matriculas (id, id_alumno, id_asignatura, fecha_matricula, nota) VALUES (73, 73, 20, '2024-05-16', 3.55);
INSERT INTO matriculas (id, id_alumno, id_asignatura, fecha_matricula, nota) VALUES (74, 74, 20, '2024-10-23', 3.32);
INSERT INTO matriculas (id, id_alumno, id_asignatura, fecha_matricula, nota) VALUES (75, 75, 17, '2024-10-10', 3.94);
INSERT INTO matriculas (id, id_alumno, id_asignatura, fecha_matricula, nota) VALUES (76, 76, 21, '2025-04-26', 9.67);
INSERT INTO matriculas (id, id_alumno, id_asignatura, fecha_matricula, nota) VALUES (77, 77, 17, '2024-12-11', 7.27);
INSERT INTO matriculas (id, id_alumno, id_asignatura, fecha_matricula, nota) VALUES (78, 78, 20, '2025-03-15', 5.51);
INSERT INTO matriculas (id, id_alumno, id_asignatura, fecha_matricula, nota) VALUES (79, 79, 20, '2024-06-10', 8.98);
INSERT INTO matriculas (id, id_alumno, id_asignatura, fecha_matricula, nota) VALUES (80, 80, 16, '2025-03-27', 8.01);
INSERT INTO matriculas (id, id_alumno, id_asignatura, fecha_matricula, nota) VALUES (81, 81, 18, '2024-05-25', 8.24);
INSERT INTO matriculas (id, id_alumno, id_asignatura, fecha_matricula, nota) VALUES (82, 82, 21, '2024-10-02', 7.56);
INSERT INTO matriculas (id, id_alumno, id_asignatura, fecha_matricula, nota) VALUES (83, 83, 15, '2024-08-25', 7.16);
INSERT INTO matriculas (id, id_alumno, id_asignatura, fecha_matricula, nota) VALUES (84, 84, 20, '2025-01-02', 5.34);
INSERT INTO matriculas (id, id_alumno, id_asignatura, fecha_matricula, nota) VALUES (85, 85, 16, '2025-01-27', 4.56);
INSERT INTO matriculas (id, id_alumno, id_asignatura, fecha_matricula, nota) VALUES (86, 86, 18, '2024-07-21', 5.65);
INSERT INTO matriculas (id, id_alumno, id_asignatura, fecha_matricula, nota) VALUES (87, 87, 20, '2024-10-19', 6.98);
INSERT INTO matriculas (id, id_alumno, id_asignatura, fecha_matricula, nota) VALUES (88, 88, 18, '2024-05-06', 3.22);
INSERT INTO matriculas (id, id_alumno, id_asignatura, fecha_matricula, nota) VALUES (89, 89, 21, '2025-04-08', 7.91);
INSERT INTO matriculas (id, id_alumno, id_asignatura, fecha_matricula, nota) VALUES (90, 90, 18, '2025-02-04', 8.41);
INSERT INTO matriculas (id, id_alumno, id_asignatura, fecha_matricula, nota) VALUES (91, 91, 27, '2024-12-29', 3.33);
INSERT INTO matriculas (id, id_alumno, id_asignatura, fecha_matricula, nota) VALUES (92, 92, 25, '2024-08-02', 3.45);
INSERT INTO matriculas (id, id_alumno, id_asignatura, fecha_matricula, nota) VALUES (93, 93, 27, '2024-10-08', 4.1);
INSERT INTO matriculas (id, id_alumno, id_asignatura, fecha_matricula, nota) VALUES (94, 94, 26, '2024-12-29', 9.19);
INSERT INTO matriculas (id, id_alumno, id_asignatura, fecha_matricula, nota) VALUES (95, 95, 26, '2024-11-09', 7.23);
INSERT INTO matriculas (id, id_alumno, id_asignatura, fecha_matricula, nota) VALUES (96, 96, 22, '2025-03-27', 9.19);
INSERT INTO matriculas (id, id_alumno, id_asignatura, fecha_matricula, nota) VALUES (97, 97, 25, '2024-11-12', 5.28);
INSERT INTO matriculas (id, id_alumno, id_asignatura, fecha_matricula, nota) VALUES (98, 98, 28, '2024-12-23', 6.27);
INSERT INTO matriculas (id, id_alumno, id_asignatura, fecha_matricula, nota) VALUES (99, 99, 28, '2024-10-17', 8.76);
INSERT INTO matriculas (id, id_alumno, id_asignatura, fecha_matricula, nota) VALUES (100, 100, 28, '2024-10-08', 5.91);
INSERT INTO matriculas (id, id_alumno, id_asignatura, fecha_matricula, nota) VALUES (101, 101, 26, '2025-04-30', 10.0);
INSERT INTO matriculas (id, id_alumno, id_asignatura, fecha_matricula, nota) VALUES (102, 102, 27, '2024-10-09', 9.85);
INSERT INTO matriculas (id, id_alumno, id_asignatura, fecha_matricula, nota) VALUES (103, 103, 28, '2024-05-28', 8.08);
INSERT INTO matriculas (id, id_alumno, id_asignatura, fecha_matricula, nota) VALUES (104, 104, 22, '2024-09-02', 5.81);
INSERT INTO matriculas (id, id_alumno, id_asignatura, fecha_matricula, nota) VALUES (105, 105, 27, '2024-07-12', 5.92);
INSERT INTO matriculas (id, id_alumno, id_asignatura, fecha_matricula, nota) VALUES (106, 106, 22, '2024-07-08', 4.49);
INSERT INTO matriculas (id, id_alumno, id_asignatura, fecha_matricula, nota) VALUES (107, 107, 27, '2025-04-05', 8.28);
INSERT INTO matriculas (id, id_alumno, id_asignatura, fecha_matricula, nota) VALUES (108, 108, 28, '2025-03-23', 7.73);
INSERT INTO matriculas (id, id_alumno, id_asignatura, fecha_matricula, nota) VALUES (109, 109, 26, '2024-09-06', 3.68);
INSERT INTO matriculas (id, id_alumno, id_asignatura, fecha_matricula, nota) VALUES (110, 110, 22, '2024-06-21', 7.26);
INSERT INTO matriculas (id, id_alumno, id_asignatura, fecha_matricula, nota) VALUES (111, 111, 23, '2024-11-16', 9.12);
INSERT INTO matriculas (id, id_alumno, id_asignatura, fecha_matricula, nota) VALUES (112, 112, 24, '2025-01-01', 7.82);
INSERT INTO matriculas (id, id_alumno, id_asignatura, fecha_matricula, nota) VALUES (113, 113, 23, '2024-10-26', 3.7);
INSERT INTO matriculas (id, id_alumno, id_asignatura, fecha_matricula, nota) VALUES (114, 114, 28, '2024-07-05', 9.46);
INSERT INTO matriculas (id, id_alumno, id_asignatura, fecha_matricula, nota) VALUES (115, 115, 27, '2024-12-14', 3.57);
INSERT INTO matriculas (id, id_alumno, id_asignatura, fecha_matricula, nota) VALUES (116, 116, 24, '2025-04-07', 9.4);
INSERT INTO matriculas (id, id_alumno, id_asignatura, fecha_matricula, nota) VALUES (117, 117, 28, '2024-10-03', 8.55);
INSERT INTO matriculas (id, id_alumno, id_asignatura, fecha_matricula, nota) VALUES (118, 118, 28, '2024-08-01', 4.8);
INSERT INTO matriculas (id, id_alumno, id_asignatura, fecha_matricula, nota) VALUES (119, 119, 27, '2025-02-07', 6.65);
INSERT INTO matriculas (id, id_alumno, id_asignatura, fecha_matricula, nota) VALUES (120, 120, 27, '2024-06-22', 7.51);